S.No,Outcome
3,1.0
4,1.0
6,1.0
13,1.0
18,0.0
19,1.0
24,1.0
28,1.0
29,1.0
38,1.0
41,1.0
44,1.0
47,1.0
49,1.0
50,1.0
51,1.0
58,1.0
59,1.0
64,1.0
71,1.0
73,1.0
77,1.0
83,1.0
84,1.0
88,1.0
92,1.0
93,1.0
95,1.0
96,1.0
97,1.0
125,1.0
128,1.0
130,1.0
131,1.0
133,1.0
134,1.0
138,1.0
141,1.0
146,1.0
147,1.0
148,1.0
152,1.0
154,1.0
157,0.0
159,1.0
161,1.0
163,1.0
164,1.0
169,1.0
170,1.0
172,1.0
173,1.0
176,1.0
177,1.0
178,1.0
179,1.0
184,1.0
188,1.0
192,1.0
194,1.0
196,1.0
200,1.0
202,1.0
206,1.0
211,1.0
212,1.0
213,1.0
216,1.0
217,1.0
221,1.0
224,1.0
225,1.0
226,1.0
242,1.0
245,1.0
248,1.0
252,1.0
257,1.0
265,1.0
267,1.0
268,1.0
269,1.0
270,1.0
271,1.0
275,1.0
276,1.0
278,1.0
285,1.0
286,0.0
288,1.0
293,1.0
294,1.0
304,1.0
307,1.0
314,1.0
316,1.0
318,1.0
319,1.0
322,1.0
323,0.0
327,1.0
328,1.0
330,1.0
333,1.0
349,1.0
352,1.0
353,1.0
355,1.0
361,1.0
369,1.0
375,1.0
376,1.0
378,1.0
380,1.0
382,1.0
387,1.0
389,1.0
390,1.0
396,1.0
397,1.0
408,1.0
410,1.0
411,1.0
413,1.0
419,1.0
422,1.0
424,1.0
426,1.0
435,1.0
436,1.0
437,1.0
444,1.0
450,1.0
452,1.0
453,1.0
456,1.0
458,1.0
463,1.0
469,1.0
481,1.0
488,1.0
490,1.0
500,1.0
503,1.0
504,1.0
509,1.0
512,1.0
513,1.0
514,1.0
515,1.0
517,1.0
519,1.0
520,1.0
522,1.0
525,1.0
528,1.0
532,1.0
542,1.0
545,1.0
546,1.0
549,1.0
550,1.0
551,1.0
552,1.0
555,1.0
556,1.0
558,1.0
559,1.0
565,1.0
568,1.0
569,1.0
573,1.0
580,1.0
582,1.0
585,1.0
586,1.0
587,1.0
589,1.0
593,1.0
596,1.0
598,1.0
602,1.0
603,1.0
604,1.0
608,1.0
612,0.0
615,1.0
628,1.0
632,1.0
635,1.0
647,1.0
648,1.0
651,1.0
656,1.0
658,1.0
660,1.0
662,1.0
663,1.0
669,1.0
676,1.0
678,1.0
690,1.0
694,1.0
695,1.0
697,0.0
699,1.0
701,1.0
702,1.0
703,1.0
706,1.0
707,1.0
710,1.0
722,1.0
725,1.0
735,1.0
736,1.0
738,1.0
742,1.0
745,1.0
757,1.0
768,1.0
771,1.0
772,1.0
778,1.0
785,1.0
789,1.0
790,1.0
792,1.0
795,1.0
798,1.0
802,1.0
805,1.0
806,1.0
809,1.0
812,1.0
813,1.0
818,1.0
820,1.0
841,1.0
849,1.0
854,1.0
860,1.0
866,1.0
869,1.0
874,1.0
876,1.0
877,1.0
881,1.0
883,1.0
887,1.0
891,1.0
895,1.0
900,1.0
902,1.0
903,1.0
906,1.0
907,1.0
908,1.0
916,1.0
917,1.0
923,1.0
925,1.0
930,1.0
931,1.0
935,1.0
937,1.0
942,1.0
944,1.0
945,1.0
948,1.0
949,1.0
950,1.0
951,1.0
952,1.0
953,1.0
957,1.0
958,1.0
971,1.0
973,1.0
978,1.0
981,1.0
982,1.0
989,1.0
990,1.0
994,1.0
995,1.0
1000,1.0
1001,1.0
1002,1.0
1005,1.0
1007,1.0
1019,1.0
1027,1.0
1033,1.0
1036,1.0
1042,1.0
1043,1.0
1044,1.0
1046,1.0
1047,1.0
1048,0.0
1049,1.0
1050,1.0
1052,1.0
1059,1.0
1061,1.0
1065,1.0
1071,1.0
1087,1.0
1093,1.0
1097,1.0
1100,1.0
1104,1.0
1105,1.0
1107,1.0
1110,1.0
1112,1.0
1114,1.0
1115,1.0
1120,1.0
1124,1.0
1125,1.0
1128,1.0
1133,1.0
1135,1.0
1139,1.0
1140,1.0
1143,1.0
1144,1.0
1146,1.0
1148,1.0
1153,1.0
1155,1.0
1156,1.0
1160,1.0
1174,1.0
1175,1.0
1178,1.0
1179,1.0
1181,1.0
1183,0.0
1184,1.0
1185,1.0
1187,1.0
1188,0.0
1196,1.0
1197,1.0
1200,1.0
1202,1.0
1211,1.0
1213,1.0
1215,1.0
1216,1.0
1217,1.0
1220,1.0
1224,1.0
1231,1.0
1233,1.0
1235,1.0
1247,1.0
1248,1.0
1249,1.0
1251,1.0
1253,0.0
1254,1.0
1266,1.0
1267,1.0
1271,1.0
1274,1.0
1277,1.0
1284,1.0
1286,1.0
1289,1.0
1295,1.0
1299,1.0
1308,1.0
1309,1.0
1311,1.0
1313,1.0
1318,1.0
1321,1.0
1322,1.0
1323,1.0
1327,1.0
1328,1.0
1332,1.0
1333,1.0
1337,1.0
1339,1.0
1340,1.0
1345,1.0
1350,1.0
1356,1.0
1367,1.0
1370,1.0
1371,1.0
1374,1.0
1375,1.0
1378,1.0
1379,1.0
1380,1.0
1385,1.0
1388,1.0
1390,1.0
1392,1.0
1393,1.0
1394,1.0
1395,1.0
1399,1.0
1405,1.0
1407,1.0
1408,1.0
1410,1.0
1430,1.0
1431,1.0
1432,1.0
1433,1.0
1441,1.0
1442,1.0
1446,1.0
1450,1.0
1451,1.0
1454,1.0
1456,1.0
1459,1.0
1461,1.0
1462,1.0
1463,1.0
1464,1.0
1465,1.0
1482,1.0
1487,1.0
1488,1.0
1493,1.0
1494,1.0
1495,0.0
1496,1.0
1498,1.0
1500,1.0
1509,1.0
1516,1.0
1522,1.0
1524,1.0
1528,1.0
1530,1.0
1534,1.0
1536,1.0
1538,1.0
1542,1.0
1548,1.0
1551,1.0
1552,1.0
1554,1.0
1558,1.0
1559,1.0
1563,1.0
1565,1.0
1571,1.0
1581,1.0
1586,1.0
1588,1.0
1589,1.0
1592,1.0
1595,1.0
1597,1.0
1601,1.0
1602,1.0
1604,1.0
1606,1.0
1613,1.0
1616,1.0
1618,1.0
1620,0.0
1640,1.0
1642,1.0
1645,1.0
1652,1.0
1653,1.0
1654,1.0
1658,1.0
1659,1.0
1667,1.0
1668,1.0
1670,1.0
1671,1.0
1673,1.0
1678,1.0
1681,1.0
1682,1.0
1684,1.0
1687,1.0
1690,1.0
1694,1.0
1695,1.0
1702,1.0
1704,1.0
1707,1.0
1712,1.0
1716,1.0
1717,1.0
1723,1.0
1728,1.0
1734,1.0
1742,1.0
1746,1.0
1747,1.0
1751,1.0
1752,1.0
1754,1.0
1757,1.0
1762,1.0
1771,1.0
1774,1.0
1778,1.0
1780,1.0
1786,1.0
1790,1.0
1791,1.0
1796,1.0
1798,1.0
1800,1.0
1809,1.0
1819,1.0
1821,1.0
1822,1.0
1831,1.0
1833,1.0
1837,1.0
1840,1.0
1841,1.0
1843,1.0
1844,0.0
1848,1.0
1851,1.0
1852,1.0
1859,1.0
1861,1.0
1862,1.0
1864,1.0
1866,1.0
1871,1.0
1874,1.0
1877,1.0
1879,1.0
1883,1.0
1884,1.0
1890,1.0
1892,1.0
1894,1.0
1899,1.0
1901,1.0
1906,1.0
1909,1.0
1912,1.0
1913,1.0
1916,1.0
1921,1.0
1923,0.0
1926,1.0
1927,1.0
1933,1.0
1936,1.0
1939,1.0
1942,1.0
1950,1.0
1952,1.0
1954,1.0
1959,1.0
1960,1.0
1965,1.0
1967,1.0
1970,1.0
1984,1.0
1986,1.0
1989,1.0
1991,1.0
1994,1.0
1996,1.0
2008,1.0
2012,1.0
2017,1.0
2018,1.0
2023,1.0
2038,1.0
2040,1.0
2044,1.0
2046,1.0
2049,1.0
2050,1.0
2051,1.0
2056,1.0
2062,1.0
2072,0.0
2074,1.0
2076,1.0
2081,1.0
2086,0.0
2088,1.0
2093,1.0
2094,1.0
2097,1.0
2100,1.0
2101,1.0
2105,1.0
2117,1.0
2118,1.0
2120,0.0
2122,1.0
2123,1.0
2125,1.0
2126,0.0
2128,1.0
2130,1.0
2139,1.0
2142,1.0
2146,1.0
2148,1.0
2151,1.0
2152,1.0
2153,1.0
2157,1.0
2158,1.0
2164,1.0
2166,1.0
2168,1.0
2170,1.0
2172,1.0
2174,1.0
2176,1.0
2178,1.0
2179,1.0
2181,1.0
2185,1.0
2189,1.0
2200,1.0
2204,1.0
2207,1.0
2208,1.0
2209,1.0
2211,1.0
2213,1.0
2215,1.0
2217,1.0
2219,1.0
2221,1.0
2232,1.0
2234,1.0
2237,1.0
2247,1.0
2250,1.0
2253,1.0
2257,1.0
2260,1.0
2261,1.0
2263,1.0
2266,1.0
2271,1.0
2274,1.0
2275,1.0
2279,1.0
2280,1.0
2282,1.0
2287,1.0
2288,1.0
2299,1.0
2303,1.0
2311,1.0
2312,1.0
2313,1.0
2315,1.0
2316,1.0
2317,1.0
2319,1.0
2328,1.0
2330,1.0
2331,1.0
2332,1.0
2339,1.0
2341,1.0
2342,1.0
2344,1.0
2351,1.0
2353,1.0
2360,1.0
2361,0.0
2362,1.0
2363,1.0
2368,1.0
2369,1.0
2373,1.0
2374,1.0
2382,1.0
2383,1.0
2391,1.0
2394,1.0
2398,1.0
2403,1.0
2407,1.0
2410,1.0
2411,1.0
2413,1.0
2419,1.0
2422,1.0
2426,1.0
2430,1.0
2432,1.0
2434,1.0
2436,1.0
2438,1.0
2439,1.0
2445,1.0
2446,1.0
2447,1.0
2448,1.0
2451,1.0
2454,1.0
2473,1.0
2484,1.0
2486,1.0
2491,1.0
2492,1.0
2494,1.0
2496,1.0
2497,1.0
2499,1.0
2506,1.0
2507,1.0
2508,1.0
2509,1.0
2513,1.0
2516,1.0
2518,1.0
2520,1.0
2522,1.0
2530,1.0
2536,1.0
2539,0.0
2543,1.0
2544,1.0
2557,0.0
2561,1.0
2562,1.0
2563,1.0
2564,1.0
2566,1.0
2568,1.0
2573,1.0
2585,1.0
2586,1.0
2588,1.0
2589,1.0
2594,1.0
2597,1.0
2598,1.0
2600,1.0
2603,1.0
2608,1.0
2610,1.0
2613,1.0
2615,1.0
2616,1.0
2618,1.0
2619,1.0
2622,1.0
2634,1.0
2638,1.0
2640,1.0
2641,1.0
2646,1.0
2649,1.0
2653,1.0
2655,1.0
2656,1.0
2663,1.0
2669,1.0
2673,1.0
2678,1.0
2683,1.0
2684,1.0
2687,1.0
2692,1.0
2693,1.0
2694,1.0
2696,1.0
2697,1.0
2700,1.0
2705,1.0
2710,1.0
2716,1.0
2718,1.0
2721,1.0
2724,1.0
2731,1.0
2735,1.0
2738,1.0
2742,1.0
2746,1.0
2749,1.0
2750,1.0
2752,1.0
2755,1.0
2758,1.0
2759,1.0
2765,1.0
2766,1.0
2774,1.0
2777,1.0
2778,1.0
2780,1.0
2781,1.0
2787,1.0
2791,1.0
2793,1.0
2795,1.0
2796,1.0
2802,1.0
2810,1.0
2818,1.0
2821,1.0
2822,1.0
2823,1.0
2824,1.0
2827,1.0
2839,1.0
2840,1.0
2841,1.0
2842,1.0
2844,1.0
2850,1.0
2854,1.0
2867,1.0
2868,1.0
2874,1.0
2875,1.0
2879,1.0
2881,1.0
2882,1.0
2885,1.0
2891,1.0
2895,1.0
2897,1.0
2898,1.0
2900,1.0
2901,1.0
2902,1.0
2925,1.0
2926,1.0
2927,1.0
2928,1.0
2932,1.0
2937,1.0
2940,1.0
2942,1.0
2943,1.0
2944,1.0
2950,1.0
2953,1.0
2954,0.0
2958,1.0
2963,1.0
2965,1.0
2967,1.0
2969,0.0
2971,1.0
2972,0.0
2977,1.0
2978,1.0
2982,1.0
2983,1.0
2990,1.0
2993,1.0
2997,1.0
3003,0.0
3006,1.0
3010,1.0
3012,1.0
3013,1.0
3014,1.0
3015,1.0
3021,1.0
3023,1.0
3032,1.0
3034,1.0
3038,1.0
3039,1.0
3046,1.0
3048,1.0
3051,1.0
3055,1.0
3057,1.0
3058,1.0
3063,1.0
3064,1.0
3066,1.0
3067,1.0
3076,1.0
3078,1.0
3079,1.0
3080,1.0
3089,1.0
3090,1.0
3094,1.0
3098,1.0
3100,1.0
3101,1.0
3115,1.0
3121,1.0
3125,1.0
3126,1.0
3127,1.0
3128,1.0
3129,1.0
3133,1.0
3140,1.0
3149,1.0
3151,1.0
3156,1.0
3157,1.0
3159,1.0
3160,1.0
3163,1.0
3164,1.0
3166,1.0
3169,1.0
3176,1.0
3177,1.0
3187,1.0
3189,1.0
3190,1.0
3191,1.0
3195,1.0
3196,1.0
3200,1.0
3201,1.0
3202,1.0
3205,1.0
3209,1.0
3210,1.0
3216,1.0
3219,1.0
3221,1.0
3236,1.0
3242,1.0
3267,1.0
3269,1.0
3272,1.0
3274,1.0
3275,1.0
3286,1.0
3287,1.0
3288,1.0
3293,1.0
3302,1.0
3303,1.0
3308,1.0
3309,1.0
3311,1.0
3314,1.0
3315,1.0
3321,1.0
3323,1.0
3324,1.0
3327,1.0
3336,1.0
3344,1.0
3347,1.0
3350,1.0
3355,1.0
3357,1.0
3358,1.0
3360,1.0
3361,1.0
3364,1.0
3367,1.0
3369,1.0
3373,1.0
3383,1.0
3386,0.0
3389,1.0
3390,1.0
3391,1.0
3396,1.0
3398,1.0
3400,1.0
3408,1.0
3409,1.0
3410,1.0
3412,1.0
3416,1.0
3419,1.0
3424,1.0
3430,1.0
3431,1.0
3432,1.0
3441,1.0
3446,1.0
3449,1.0
3459,1.0
3460,1.0
3465,1.0
3466,1.0
3470,1.0
3475,1.0
3484,1.0
3485,1.0
3486,1.0
3487,1.0
3488,1.0
3490,1.0
3492,1.0
3494,1.0
3497,0.0
3501,1.0
3502,1.0
3505,1.0
3510,1.0
3513,1.0
3515,1.0
3516,1.0
3527,1.0
3530,1.0
3536,1.0
3542,1.0
3550,0.0
3552,1.0
3554,1.0
3560,1.0
3561,1.0
3571,1.0
3573,1.0
3583,1.0
3584,1.0
3588,1.0
3594,1.0
3595,1.0
3596,1.0
3597,1.0
3607,1.0
3612,1.0
3614,1.0
3616,1.0
3621,1.0
3623,1.0
3626,1.0
3628,1.0
3631,1.0
3633,1.0
3634,1.0
3645,1.0
3646,1.0
3647,1.0
3649,1.0
3658,1.0
3659,1.0
3666,1.0
3668,1.0
3670,1.0
3679,1.0
3683,1.0
3690,1.0
3693,1.0
3697,0.0
3698,1.0
3700,1.0
3704,1.0
3708,1.0
3709,1.0
3712,1.0
3715,1.0
3719,1.0
3726,1.0
3728,1.0
3731,1.0
3737,1.0
3739,1.0
3741,1.0
3745,1.0
3753,1.0
3754,1.0
3756,1.0
3759,1.0
3760,1.0
3762,1.0
3766,1.0
3771,1.0
3773,1.0
3776,1.0
3778,1.0
3780,1.0
3781,1.0
3784,1.0
3786,1.0
3788,1.0
3790,1.0
3792,1.0
3796,1.0
3805,1.0
3807,1.0
3809,1.0
3814,1.0
3825,1.0
3834,1.0
3836,1.0
3839,1.0
3840,1.0
3841,1.0
3845,1.0
3846,1.0
3847,1.0
3857,1.0
3858,1.0
3862,1.0
3865,1.0
3874,1.0
3875,1.0
3877,1.0
3879,1.0
3896,1.0
3901,1.0
3902,0.0
3903,1.0
3907,1.0
3908,1.0
3923,1.0
3926,1.0
3929,1.0
3930,1.0
3933,1.0
3935,1.0
3940,1.0
3941,1.0
3949,1.0
3955,1.0
3958,1.0
3962,1.0
3964,1.0
3967,1.0
3968,1.0
3969,1.0
3972,1.0
3976,1.0
3980,1.0
3984,1.0
3989,1.0
3994,1.0
3995,1.0
3997,1.0
4006,1.0
4007,1.0
4008,1.0
4010,1.0
4012,1.0
4022,1.0
4027,1.0
4034,1.0
4040,1.0
4043,1.0
4046,1.0
4051,1.0
4053,1.0
4054,1.0
4056,1.0
4057,1.0
4058,1.0
4060,1.0
4062,1.0
4067,1.0
4068,1.0
4070,1.0
4076,1.0
4084,1.0
4085,1.0
4086,1.0
4090,1.0
4091,1.0
4092,1.0
4093,1.0
4094,1.0
4096,1.0
4098,1.0
4107,1.0
4109,1.0
4111,1.0
4113,1.0
4114,1.0
4115,1.0
4118,1.0
4122,1.0
4124,1.0
4136,1.0
4137,1.0
4142,1.0
4147,1.0
4150,1.0
4154,1.0
4156,1.0
4160,1.0
4163,1.0
4168,1.0
4170,1.0
4174,1.0
4175,1.0
4177,1.0
4181,1.0
4183,1.0
4185,1.0
4186,1.0
4189,1.0
4191,1.0
4194,1.0
4199,1.0
4200,1.0
4201,1.0
4203,1.0
4206,1.0
4208,1.0
4215,1.0
4217,1.0
4220,1.0
4227,1.0
4232,1.0
4241,1.0
4245,1.0
4251,1.0
4253,1.0
4257,1.0
4259,0.0
4262,1.0
4270,1.0
4272,1.0
4280,0.0
4281,1.0
4286,1.0
4293,1.0
4295,1.0
4297,1.0
4302,1.0
4305,0.0
4306,0.0
4307,1.0
4332,1.0
4333,1.0
4336,1.0
4344,1.0
4347,1.0
4350,1.0
4352,1.0
4358,1.0
4363,1.0
4367,1.0
4368,1.0
4371,1.0
4373,1.0
4381,1.0
4385,1.0
4387,1.0
4389,1.0
4390,1.0
4392,1.0
4393,1.0
4399,1.0
4406,1.0
4408,1.0
4411,1.0
4416,1.0
4422,1.0
4426,1.0
4428,1.0
4433,0.0
4434,1.0
4442,1.0
4457,1.0
4458,1.0
4459,1.0
4463,1.0
4464,1.0
4467,1.0
4468,1.0
4469,1.0
4477,1.0
4478,1.0
4481,1.0
4485,1.0
4487,1.0
4494,1.0
4497,1.0
4502,1.0
4511,1.0
4513,1.0
4516,1.0
4518,1.0
4522,1.0
4524,1.0
4527,1.0
4530,1.0
4534,1.0
4536,1.0
4538,1.0
4539,1.0
4540,1.0
4541,1.0
4548,1.0
4549,1.0
4551,1.0
4556,1.0
4558,1.0
4559,1.0
4562,1.0
4563,1.0
4566,1.0
4574,1.0
4575,1.0
4576,1.0
4577,1.0
4578,1.0
4579,1.0
4582,1.0
4583,1.0
4589,1.0
4590,1.0
4599,1.0
4602,1.0
4604,1.0
4612,1.0
4632,1.0
4633,1.0
4636,1.0
4643,1.0
4644,1.0
4645,1.0
4647,1.0
4655,1.0
4659,1.0
4663,1.0
4668,1.0
4671,1.0
4673,1.0
4675,1.0
4678,1.0
4680,1.0
4682,1.0
4684,1.0
4685,1.0
4688,1.0
4690,1.0
4700,1.0
4702,1.0
4708,1.0
4709,1.0
4712,1.0
4715,0.0
4718,1.0
4719,1.0
4720,0.0
4722,1.0
4732,1.0
4737,1.0
4738,0.0
4739,1.0
4746,1.0
4747,1.0
4752,1.0
4754,1.0
4757,1.0
4769,0.0
4770,1.0
4771,1.0
4772,1.0
4776,1.0
4784,1.0
4786,1.0
4787,1.0
4788,1.0
4793,1.0
4795,1.0
4800,1.0
4802,1.0
4803,1.0
4806,1.0
4807,1.0
4808,1.0
4811,1.0
4817,1.0
4818,1.0
4820,1.0
4822,1.0
4823,1.0
4824,1.0
4825,1.0
4837,1.0
4841,1.0
4842,1.0
4847,1.0
4848,1.0
4850,1.0
4852,1.0
4860,1.0
4864,1.0
4866,1.0
4867,1.0
4868,1.0
4871,1.0
4873,1.0
4880,1.0
4881,1.0
4889,1.0
4890,1.0
4893,1.0
4897,1.0
4900,1.0
4901,1.0
4902,1.0
4903,1.0
4904,0.0
4906,1.0
4907,1.0
4909,1.0
4910,1.0
4914,1.0
4915,1.0
4916,1.0
4918,1.0
4920,1.0
4921,1.0
4929,1.0
4930,1.0
4933,1.0
4935,1.0
4936,1.0
4937,1.0
4939,1.0
4941,1.0
4946,1.0
4947,1.0
4948,1.0
4949,1.0
4957,1.0
4958,1.0
4959,1.0
4960,1.0
4961,1.0
4962,1.0
4969,1.0
4971,1.0
4972,0.0
4974,1.0
4975,1.0
4979,1.0
4981,1.0
4983,1.0
4985,1.0
4987,1.0
4988,1.0
4991,1.0
4993,1.0
5003,1.0
5005,1.0
5006,1.0
5007,1.0
5011,1.0
5012,1.0
5014,1.0
5021,1.0
5026,1.0
5030,1.0
5034,1.0
5036,1.0
5040,1.0
5044,1.0
5045,1.0
5047,1.0
5048,1.0
5053,1.0
5054,1.0
5055,1.0
5058,1.0
5060,1.0
5062,1.0
5067,1.0
5069,1.0
5075,1.0
5077,1.0
5081,1.0
5085,1.0
5093,1.0
5100,1.0
5101,1.0
5104,1.0
5106,1.0
5111,1.0
5113,1.0
5116,1.0
5120,1.0
5121,1.0
5125,1.0
5127,1.0
5128,1.0
5132,1.0
5133,1.0
5139,1.0
5140,1.0
5147,1.0
5152,0.0
5157,1.0
5158,1.0
5159,1.0
5161,1.0
5163,0.0
5164,1.0
5165,1.0
5168,1.0
5170,1.0
5172,1.0
5177,1.0
5180,1.0
5181,1.0
5184,1.0
5187,1.0
5190,1.0
5194,1.0
5197,1.0
5200,1.0
5208,1.0
5209,1.0
5210,1.0
5212,1.0
5219,1.0
5222,1.0
5224,1.0
5225,1.0
5229,1.0
5230,1.0
5231,1.0
5245,1.0
5247,1.0
5248,1.0
5249,1.0
5255,1.0
5258,1.0
5259,1.0
5261,1.0
5268,1.0
5269,1.0
5270,1.0
5271,1.0
5277,1.0
5278,1.0
5279,1.0
5284,1.0
5287,1.0
5290,1.0
5292,1.0
5295,1.0
5296,1.0
5301,1.0
5303,1.0
5304,1.0
5306,1.0
5308,1.0
5313,1.0
5315,1.0
5316,0.0
5327,1.0
5329,1.0
5330,1.0
5333,1.0
5335,1.0
5341,1.0
5343,1.0
5348,1.0
5349,1.0
5360,1.0
5361,1.0
5363,1.0
5364,1.0
5371,1.0
5372,1.0
5373,1.0
5376,0.0
5380,1.0
5382,1.0
5383,1.0
5387,1.0
5389,1.0
5391,1.0
5401,1.0
5403,1.0
5407,1.0
5415,1.0
5420,1.0
5423,1.0
5424,1.0
5426,1.0
5438,1.0
5442,1.0
5448,1.0
5451,1.0
5452,1.0
5454,1.0
5455,0.0
5456,1.0
5460,1.0
5463,0.0
5468,1.0
5470,1.0
5473,1.0
5478,1.0
5486,1.0
5487,1.0
5488,1.0
5489,1.0
5490,1.0
5493,1.0
5494,1.0
5496,1.0
5501,1.0
5502,1.0
5506,1.0
5507,1.0
5511,1.0
5512,1.0
5520,1.0
5526,1.0
5527,1.0
5532,1.0
5535,1.0
5539,1.0
5544,1.0
5550,1.0
5551,1.0
5554,1.0
5555,1.0
5556,1.0
5559,1.0
5561,1.0
5562,1.0
5567,1.0
5570,1.0
5572,1.0
5574,1.0
5576,1.0
5579,1.0
5582,1.0
5585,1.0
5587,1.0
5588,1.0
5593,1.0
5595,1.0
5601,1.0
5603,0.0
5606,1.0
5607,1.0
5608,1.0
5611,1.0
5612,1.0
5618,0.0
5625,1.0
5630,1.0
5631,1.0
5632,1.0
5634,1.0
5635,1.0
5641,1.0
5658,0.0
5660,1.0
5668,0.0
5669,1.0
5673,1.0
5677,1.0
5684,1.0
5689,1.0
5693,1.0
5697,1.0
5713,1.0
5716,1.0
5717,1.0
5719,1.0
5721,1.0
5725,1.0
5726,1.0
5735,1.0
5737,1.0
5746,1.0
5749,1.0
5751,1.0
5753,1.0
5756,1.0
5757,1.0
5765,1.0
5767,1.0
5770,1.0
5780,1.0
5781,1.0
5783,1.0
5785,1.0
5788,1.0
5791,1.0
5792,1.0
5797,1.0
5800,1.0
5801,1.0
5807,1.0
5815,1.0
5816,1.0
5819,1.0
5825,1.0
5827,1.0
5830,1.0
5842,1.0
5845,1.0
5854,1.0
5859,1.0
5867,1.0
5869,1.0
5870,1.0
5871,1.0
5875,1.0
5876,1.0
5877,1.0
5880,1.0
5882,1.0
5883,1.0
5890,1.0
5894,1.0
5895,1.0
5897,1.0
5898,1.0
5901,1.0
5904,1.0
5905,1.0
5906,1.0
5910,0.0
5918,1.0
5922,1.0
5923,1.0
5926,1.0
5928,1.0
5929,1.0
5930,1.0
5931,1.0
5936,1.0
5956,1.0
5959,1.0
5960,1.0
5967,1.0
5969,1.0
5972,1.0
5979,1.0
5986,1.0
5995,0.0
5996,1.0
6000,1.0
6005,1.0
6006,1.0
6010,1.0
6023,1.0
6024,1.0
6038,1.0
6039,1.0
6041,1.0
6045,1.0
6052,1.0
6053,1.0
6054,1.0
6056,1.0
6058,1.0
6060,1.0
6062,1.0
6064,1.0
6067,1.0
6071,0.0
6072,0.0
6073,1.0
6074,1.0
6079,1.0
6080,1.0
6081,1.0
6084,1.0
6089,0.0
6094,1.0
6099,1.0
6100,1.0
6105,1.0
6106,1.0
6107,1.0
6108,1.0
6110,1.0
6112,1.0
6119,1.0
6123,1.0
6124,1.0
6127,1.0
6131,1.0
6132,1.0
6133,1.0
6140,1.0
6144,1.0
6155,1.0
6156,1.0
6159,1.0
6162,1.0
6166,1.0
6168,1.0
6174,1.0
6180,0.0
6182,1.0
6183,1.0
6186,1.0
6196,1.0
6200,1.0
6201,1.0
6202,1.0
6207,1.0
6208,1.0
6222,1.0
6223,1.0
6226,1.0
6229,1.0
6230,1.0
6232,1.0
6234,1.0
6235,1.0
6240,1.0
6243,1.0
6246,1.0
6247,1.0
6248,1.0
6249,1.0
6260,1.0
6262,1.0
6263,1.0
6273,1.0
6281,1.0
6282,1.0
6283,1.0
6287,1.0
6293,1.0
6295,1.0
6296,1.0
6300,1.0
6302,1.0
6304,1.0
6305,1.0
6308,1.0
6318,1.0
6325,1.0
6327,1.0
6330,1.0
6335,1.0
6341,1.0
6349,1.0
6353,1.0
6356,1.0
6359,1.0
6363,1.0
6366,1.0
6367,1.0
6371,1.0
6374,1.0
6379,1.0
6386,1.0
6387,1.0
6389,1.0
6395,1.0
6399,1.0
6401,1.0
6411,1.0
6413,1.0
6415,1.0
6417,1.0
6423,1.0
6424,1.0
6427,1.0
6429,1.0
6430,1.0
6432,1.0
6434,1.0
6437,1.0
6440,1.0
6444,1.0
6446,1.0
6453,1.0
6455,1.0
6458,1.0
6460,1.0
6461,1.0
6463,1.0
6464,1.0
6465,1.0
6470,1.0
6476,1.0
6477,1.0
6478,1.0
6479,1.0
6483,1.0
6487,0.0
6488,1.0
6493,1.0
6499,1.0
6501,0.0
6507,1.0
6509,1.0
6517,1.0
6519,1.0
6521,1.0
6522,1.0
6524,1.0
6525,1.0
6527,1.0
6528,1.0
6534,1.0
6540,1.0
6541,0.0
6544,1.0
6548,1.0
6549,1.0
6551,0.0
6553,1.0
6558,1.0
6560,1.0
6561,1.0
6562,1.0
6564,1.0
6568,1.0
6569,1.0
6570,1.0
6572,1.0
6576,1.0
6579,1.0
6580,1.0
6585,1.0
6587,1.0
6588,1.0
6593,1.0
6600,1.0
6603,1.0
6605,1.0
6611,1.0
6615,1.0
6616,1.0
6620,1.0
6621,1.0
6626,1.0
6630,1.0
6631,1.0
6633,1.0
6634,1.0
6636,1.0
6638,1.0
6647,1.0
6649,1.0
6651,1.0
6656,1.0
6662,1.0
6663,1.0
6666,1.0
6671,1.0
6672,1.0
6674,1.0
6680,1.0
6681,1.0
6685,1.0
6689,1.0
6692,1.0
6693,1.0
6695,1.0
6696,1.0
6698,1.0
6699,1.0
6700,1.0
6702,1.0
6703,1.0
6715,1.0
6717,1.0
6719,1.0
6720,0.0
6724,1.0
6736,1.0
6738,0.0
6744,1.0
6745,1.0
6747,1.0
6752,1.0
6756,1.0
6759,1.0
6762,1.0
6769,1.0
6770,1.0
6771,1.0
6774,1.0
6783,1.0
6785,1.0
6786,1.0
6793,0.0
6797,1.0
6801,1.0
6805,1.0
6807,1.0
6813,1.0
6819,1.0
6820,1.0
6823,1.0
6828,1.0
6832,1.0
6836,1.0
6840,1.0
6841,1.0
6842,1.0
6844,1.0
6847,1.0
6848,1.0
6849,1.0
6851,1.0
6856,1.0
6857,1.0
6861,1.0
6862,1.0
6868,1.0
6870,1.0
6871,1.0
6873,1.0
6878,0.0
6886,1.0
6887,1.0
6890,1.0
6891,1.0
6897,1.0
6899,1.0
6902,1.0
6903,1.0
6904,1.0
6905,1.0
6908,0.0
6912,1.0
6913,1.0
6920,1.0
6922,1.0
6925,1.0
6926,1.0
6927,1.0
6928,1.0
6932,1.0
6934,1.0
6936,1.0
6937,1.0
6938,1.0
6939,1.0
6946,1.0
6947,1.0
6951,1.0
6961,1.0
6962,1.0
6964,1.0
6980,1.0
6983,1.0
6986,1.0
6987,1.0
6992,1.0
6994,1.0
6996,1.0
7001,1.0
7004,1.0
7007,1.0
7009,1.0
7010,1.0
7011,1.0
7014,1.0
7019,1.0
7022,1.0
7032,1.0
7033,1.0
7042,1.0
7057,1.0
7061,1.0
7062,1.0
7063,0.0
7064,1.0
7065,1.0
7067,1.0
7068,1.0
7069,1.0
7071,1.0
7073,1.0
7078,1.0
7083,1.0
7084,1.0
7093,1.0
7094,1.0
7096,1.0
7097,1.0
7099,1.0
7101,1.0
7109,1.0
7113,1.0
7115,1.0
7116,1.0
7117,1.0
7120,1.0
7122,1.0
7123,1.0
7129,1.0
7132,1.0
7133,1.0
7138,1.0
7143,1.0
7149,1.0
7156,1.0
7157,1.0
7160,1.0
7179,1.0
7180,1.0
7181,1.0
7183,1.0
7184,1.0
7192,1.0
7198,1.0
7201,1.0
7205,1.0
7206,1.0
7207,1.0
7208,1.0
7209,1.0
7211,1.0
7212,1.0
7214,1.0
7220,1.0
7224,1.0
7230,1.0
7231,1.0
7237,1.0
7239,1.0
7241,1.0
7247,1.0
7248,1.0
7252,1.0
7257,1.0
7258,1.0
7259,1.0
7260,1.0
7264,1.0
7267,1.0
7274,1.0
7276,1.0
7277,1.0
7279,1.0
7280,1.0
7283,1.0
7286,1.0
7287,1.0
7290,1.0
7295,1.0
7296,1.0
7297,1.0
7298,1.0
7300,1.0
7301,1.0
7302,1.0
7304,1.0
7307,1.0
7312,1.0
7314,1.0
7315,1.0
7316,1.0
7317,1.0
7320,1.0
7322,1.0
7323,1.0
7328,1.0
7329,1.0
7335,1.0
7337,1.0
7338,1.0
7339,1.0
7340,1.0
7343,1.0
7344,1.0
7345,1.0
7349,1.0
7352,1.0
7358,1.0
7361,1.0
7363,1.0
7364,0.0
7366,1.0
7367,1.0
7371,1.0
7372,1.0
7373,1.0
7379,1.0
7387,0.0
7392,1.0
7400,1.0
7403,1.0
7408,1.0
7420,1.0
7427,1.0
7431,1.0
7434,0.0
7438,1.0
7444,1.0
7448,1.0
7449,1.0
7452,1.0
7459,1.0
7460,1.0
7461,1.0
7463,1.0
7464,1.0
7466,1.0
7471,1.0
7472,1.0
7473,1.0
7474,1.0
7477,1.0
7479,1.0
7492,1.0
7499,1.0
7500,1.0
7507,1.0
7509,1.0
7511,1.0
7512,1.0
7514,1.0
7515,1.0
7517,1.0
7525,1.0
7529,1.0
7537,1.0
7540,1.0
7542,1.0
7543,1.0
7544,1.0
7545,1.0
7550,1.0
7563,1.0
7571,1.0
7574,1.0
7578,1.0
7580,1.0
7587,1.0
7594,1.0
7597,1.0
7606,1.0
7614,1.0
7615,1.0
7618,1.0
7622,1.0
7625,1.0
7636,1.0
7639,1.0
7646,1.0
7653,1.0
7655,1.0
7656,1.0
7658,1.0
7667,1.0
7673,1.0
7674,1.0
7676,0.0
7677,1.0
7681,1.0
7685,1.0
7686,1.0
7688,1.0
7697,1.0
7699,1.0
7700,1.0
7707,1.0
7710,1.0
7713,1.0
7715,1.0
7721,1.0
7723,1.0
7725,1.0
7726,1.0
7728,1.0
7729,1.0
7736,1.0
7738,1.0
7741,1.0
7743,1.0
7748,1.0
7751,1.0
7752,1.0
7753,1.0
7754,1.0
7756,1.0
7759,1.0
7761,0.0
7763,1.0
7764,1.0
7766,1.0
7770,1.0
7778,1.0
7779,1.0
7783,1.0
7784,1.0
7787,1.0
7788,1.0
7799,1.0
7802,1.0
7807,1.0
7809,1.0
7810,1.0
7813,1.0
7816,1.0
7819,1.0
7820,1.0
7825,1.0
7832,1.0
7837,0.0
7838,0.0
7843,1.0
7844,1.0
7846,1.0
7849,1.0
7852,1.0
7853,1.0
7865,1.0
7866,1.0
7868,1.0
7869,1.0
7870,1.0
7871,1.0
7873,1.0
7874,1.0
7875,1.0
7883,1.0
7885,1.0
7888,1.0
7889,1.0
7892,1.0
7893,1.0
7897,1.0
7898,1.0
7901,1.0
7907,1.0
7910,1.0
7916,1.0
7919,1.0
7921,1.0
7925,1.0
7926,1.0
7928,1.0
7930,1.0
7931,1.0
7934,1.0
7939,1.0
7940,1.0
7941,1.0
7945,1.0
7948,1.0
7950,1.0
7951,1.0
7956,1.0
7957,1.0
7958,1.0
7961,1.0
7962,1.0
7963,1.0
7969,1.0
7972,1.0
7978,1.0
7980,1.0
7984,1.0
7988,1.0
7991,1.0
7993,1.0
7994,1.0
7997,1.0
8001,1.0
8004,1.0
8006,1.0
8008,1.0
8012,1.0
8016,1.0
8017,1.0
8021,1.0
8023,1.0
8025,0.0
8027,1.0
8030,1.0
8031,1.0
8033,1.0
8039,1.0
8041,1.0
8045,1.0
8046,1.0
8048,1.0
8049,1.0
8051,1.0
8065,1.0
8068,1.0
8069,1.0
8075,1.0
8079,1.0
8080,1.0
8086,1.0
8088,1.0
8089,1.0
8090,1.0
8096,1.0
8097,1.0
8105,1.0
8107,1.0
8113,1.0
8116,1.0
8122,1.0
8123,1.0
8124,1.0
8125,1.0
8127,1.0
8129,1.0
8136,1.0
8139,1.0
8140,1.0
8143,1.0
8145,1.0
8146,1.0
8147,1.0
8150,1.0
8160,1.0
8168,1.0
8170,1.0
8172,1.0
8173,1.0
8175,1.0
8176,1.0
8177,1.0
8179,1.0
8185,1.0
8191,1.0
8192,1.0
8197,1.0
8200,1.0
8204,1.0
8207,1.0
8210,1.0
8211,1.0
8216,1.0
8224,1.0
8228,1.0
8230,1.0
8239,1.0
8247,0.0
8252,0.0
8254,1.0
8258,1.0
8260,1.0
8264,1.0
8266,1.0
8268,1.0
8270,0.0
8273,1.0
8274,1.0
8275,1.0
8277,1.0
8278,1.0
8280,1.0
8288,1.0
8291,1.0
8292,1.0
8297,1.0
8299,1.0
8302,1.0
8303,1.0
8304,1.0
8305,1.0
8316,1.0
8317,0.0
8323,1.0
8325,1.0
8334,1.0
8335,1.0
8338,1.0
8341,1.0
8345,1.0
8348,1.0
8350,1.0
8352,1.0
8353,1.0
8355,1.0
8356,1.0
8357,1.0
8361,1.0
8365,1.0
8366,1.0
8367,1.0
8370,1.0
8372,1.0
8375,1.0
8378,1.0
8379,1.0
8381,1.0
8383,1.0
8385,1.0
8388,1.0
8390,1.0
8393,1.0
8395,1.0
8397,1.0
8403,1.0
8407,1.0
8408,1.0
8409,1.0
8413,1.0
8416,1.0
8423,1.0
8425,1.0
8426,1.0
8431,1.0
8433,1.0
8437,1.0
8440,1.0
8441,1.0
8443,1.0
8445,1.0
8446,1.0
8448,1.0
8453,1.0
8455,1.0
8456,1.0
8458,1.0
8464,1.0
8470,1.0
8473,1.0
8474,1.0
8479,1.0
8484,1.0
8487,1.0
8488,1.0
8492,1.0
8499,1.0
8501,1.0
8508,1.0
8509,1.0
8510,1.0
8511,1.0
8512,1.0
8513,1.0
8515,1.0
8516,1.0
8517,1.0
8518,1.0
8520,1.0
8522,1.0
8527,1.0
8528,1.0
8529,1.0
8531,1.0
8532,1.0
8540,1.0
8543,1.0
8544,1.0
8546,1.0
8547,1.0
8551,1.0
8556,1.0
8557,1.0
8559,0.0
8564,1.0
8568,1.0
8573,1.0
8578,1.0
8580,1.0
8582,1.0
8590,1.0
8594,1.0
8595,1.0
8600,1.0
8604,1.0
8606,1.0
8608,1.0
8610,1.0
8613,1.0
8614,1.0
8615,1.0
8619,1.0
8632,1.0
8634,1.0
8636,1.0
8640,1.0
8646,1.0
8652,1.0
8657,1.0
8659,1.0
8664,1.0
8670,1.0
8674,0.0
8675,1.0
8677,1.0
8683,1.0
8684,0.0
8690,1.0
8699,1.0
8703,1.0
8704,1.0
8706,1.0
8710,1.0
8712,1.0
8721,0.0
8723,1.0
8730,1.0
8732,1.0
8733,1.0
8741,1.0
8745,1.0
8749,1.0
8750,1.0
8755,1.0
8756,1.0
8757,1.0
8758,1.0
8765,1.0
8768,1.0
8770,1.0
8772,1.0
8774,1.0
8776,1.0
8778,1.0
8785,1.0
8794,1.0
8795,0.0
8796,1.0
8798,1.0
8806,1.0
8807,1.0
8811,1.0
8814,1.0
8821,1.0
8822,1.0
8824,1.0
8833,1.0
8836,1.0
8839,1.0
8841,1.0
8842,1.0
8845,1.0
8851,1.0
8852,1.0
8853,1.0
8855,1.0
8868,1.0
8869,1.0
8870,1.0
8880,1.0
8881,1.0
8883,1.0
8885,1.0
8887,1.0
8889,1.0
8895,1.0
8900,1.0
8903,1.0
8904,1.0
8906,1.0
8908,0.0
8913,1.0
8914,1.0
8915,1.0
8916,1.0
8920,1.0
8922,1.0
8924,1.0
8925,1.0
8929,1.0
8933,1.0
8935,1.0
8936,1.0
8938,1.0
8942,1.0
8943,1.0
8944,1.0
8949,1.0
8953,1.0
8956,1.0
8957,1.0
8959,1.0
8965,1.0
8969,1.0
8971,1.0
8979,1.0
8980,1.0
8981,1.0
8990,1.0
8991,1.0
8994,1.0
8997,1.0
9000,1.0
9001,1.0
9002,1.0
9005,1.0
9007,1.0
9009,1.0
9012,1.0
9014,1.0
9019,1.0
9020,1.0
9026,1.0
9030,1.0
9033,1.0
9034,1.0
9037,1.0
9042,1.0
9044,1.0
9046,1.0
9047,1.0
9050,1.0
9061,1.0
9066,1.0
9067,1.0
9073,1.0
9077,0.0
9078,1.0
9081,1.0
9082,1.0
9083,1.0
9085,1.0
9086,1.0
9087,1.0
9088,1.0
9090,1.0
9091,1.0
9094,1.0
9096,1.0
9097,1.0
9098,1.0
9101,1.0
9102,1.0
9105,1.0
9108,1.0
9110,1.0
9112,1.0
9113,1.0
9118,1.0
9120,1.0
9121,1.0
9123,1.0
9127,1.0
9130,0.0
9132,1.0
9133,1.0
9135,0.0
9136,0.0
9137,1.0
9152,1.0
9160,1.0
9163,1.0
9167,1.0
9176,1.0
9178,1.0
9190,0.0
9191,1.0
9192,1.0
9195,1.0
9203,1.0
9208,1.0
9211,1.0
9219,1.0
9221,1.0
9224,1.0
9225,1.0
9226,1.0
9229,1.0
9230,1.0
9231,1.0
9236,1.0
9238,1.0
9244,1.0
9246,1.0
9247,1.0
9250,1.0
9252,1.0
9254,1.0
9255,1.0
9258,1.0
9260,1.0
9263,1.0
9280,1.0
9283,1.0
9289,1.0
9290,1.0
9294,1.0
9295,1.0
9296,1.0
9299,1.0
9303,1.0
9304,1.0
9307,1.0
9317,1.0
9318,1.0
9321,1.0
9322,1.0
9327,1.0
9329,1.0
9331,1.0
9333,1.0
9335,1.0
9336,1.0
9343,1.0
9345,1.0
9347,1.0
9349,1.0
9351,1.0
9360,1.0
9363,1.0
9365,1.0
9367,1.0
9373,1.0
9381,1.0
9385,1.0
9392,1.0
9393,1.0
9394,1.0
9395,1.0
9399,1.0
9405,1.0
9409,1.0
9410,1.0
9413,1.0
9414,1.0
9418,1.0
9423,1.0
9427,1.0
9428,1.0
9431,1.0
9432,1.0
9434,1.0
9435,1.0
9440,1.0
9443,1.0
9445,1.0
9446,1.0
9448,1.0
9452,1.0
9457,1.0
9458,1.0
9459,1.0
9460,1.0
9470,1.0
9473,1.0
9475,1.0
9476,1.0
9477,1.0
9478,1.0
9481,1.0
9482,1.0
9489,1.0
9491,1.0
9496,1.0
9497,1.0
9502,1.0
9503,1.0
9507,1.0
9511,1.0
9512,1.0
9517,1.0
9521,1.0
9529,1.0
9533,1.0
9535,1.0
9536,1.0
9538,1.0
9539,1.0
9543,1.0
9545,1.0
9550,1.0
9555,1.0
9556,1.0
9558,1.0
9560,1.0
9562,1.0
9567,0.0
9574,1.0
9575,1.0
9577,1.0
9581,1.0
9582,1.0
9585,1.0
9587,1.0
9594,1.0
9597,1.0
9599,1.0
9600,1.0
9601,1.0
9612,1.0
9614,1.0
9616,1.0
9619,1.0
9620,1.0
9634,1.0
9635,1.0
9639,1.0
9642,1.0
9643,1.0
9645,1.0
9646,1.0
9647,1.0
9653,1.0
9664,1.0
9669,1.0
9671,1.0
9672,1.0
9674,1.0
9679,1.0
9682,1.0
9696,1.0
9702,1.0
9705,1.0
9709,1.0
9712,0.0
9713,1.0
9717,1.0
9718,1.0
9719,1.0
9724,1.0
9725,1.0
9732,1.0
9737,1.0
9738,1.0
9740,1.0
9741,1.0
9742,1.0
9744,1.0
9745,1.0
9749,1.0
9751,1.0
9757,1.0
9759,1.0
9760,1.0
9763,1.0
9765,1.0
9773,1.0
9777,1.0
9778,1.0
9779,1.0
9781,1.0
9783,1.0
9784,1.0
9788,1.0
9795,1.0
9800,1.0
9802,1.0
9806,1.0
9808,1.0
9812,1.0
9813,1.0
9814,1.0
9818,1.0
9821,1.0
9822,1.0
9825,1.0
9833,1.0
9835,1.0
9842,1.0
9843,1.0
9849,1.0
9852,1.0
9858,1.0
9864,1.0
9867,1.0
9869,1.0
9871,1.0
9881,1.0
9884,1.0
9885,1.0
9886,1.0
9893,1.0
9904,1.0
9905,1.0
9910,1.0
9911,1.0
9916,1.0
9918,1.0
9920,1.0
9921,1.0
9925,1.0
9929,1.0
9937,1.0
9940,1.0
9942,1.0
9944,1.0
9946,1.0
9949,1.0
9953,1.0
9959,1.0
9961,1.0
9963,1.0
9964,1.0
9968,1.0
9969,1.0
9972,1.0
9975,1.0
9976,1.0
9978,1.0
9979,1.0
9981,1.0
9982,1.0
9984,1.0
9990,1.0
9991,1.0
9997,1.0
10000,1.0
10001,1.0
10003,1.0
10004,1.0
10014,1.0
10015,1.0
10016,1.0
10018,0.0
10019,0.0
10020,1.0
10021,1.0
10033,0.0
10035,1.0
10039,1.0
10041,1.0
10043,1.0
10048,1.0
10049,1.0
10066,1.0
10071,1.0
10078,1.0
10079,1.0
10085,1.0
10091,1.0
10093,1.0
10104,1.0
10109,1.0
10110,1.0
10113,1.0
10116,1.0
10117,1.0
10125,1.0
10128,1.0
10130,1.0
10135,1.0
10139,1.0
10140,1.0
10143,1.0
10146,1.0
10147,1.0
10149,1.0
10150,1.0
10151,1.0
10152,1.0
10155,1.0
10165,1.0
10169,1.0
10175,1.0
10177,1.0
10180,1.0
10181,1.0
10185,1.0
10190,1.0
10194,1.0
10196,1.0
10198,1.0
10200,1.0
10212,1.0
10214,1.0
10217,1.0
10222,1.0
10228,1.0
10234,1.0
10237,1.0
10238,1.0
10241,1.0
10244,1.0
10252,0.0
10257,1.0
10259,1.0
10263,1.0
10267,1.0
10268,1.0
10270,0.0
10274,1.0
10277,1.0
10281,1.0
10283,1.0
10289,1.0
10295,1.0
10300,1.0
10301,1.0
10303,1.0
10308,0.0
10310,1.0
10312,1.0
10314,1.0
10316,1.0
10317,1.0
10320,1.0
10324,1.0
10325,0.0
10326,1.0
10327,1.0
10329,1.0
10332,1.0
10334,1.0
10336,1.0
10337,1.0
10338,1.0
10341,1.0
10342,1.0
10343,1.0
10346,1.0
10347,1.0
10350,1.0
10354,1.0
10361,1.0
10365,1.0
10366,1.0
10367,1.0
10369,1.0
10373,1.0
10374,1.0
10380,1.0
10384,1.0
10386,1.0
10387,1.0
10389,1.0
10390,1.0
10394,1.0
10396,1.0
10402,1.0
10405,1.0
10408,1.0
10409,1.0
10411,1.0
10412,1.0
10417,1.0
10419,1.0
10423,1.0
10425,1.0
10426,1.0
10432,1.0
10433,1.0
10434,1.0
10437,1.0
10439,1.0
10451,1.0
10454,1.0
10460,1.0
10461,0.0
10466,1.0
10467,1.0
10471,1.0
10475,1.0
10482,1.0
10488,1.0
10489,1.0
10491,1.0
10494,1.0
10500,1.0
10502,1.0
10503,1.0
10506,1.0
10508,1.0
10510,1.0
10512,1.0
10514,1.0
10515,1.0
10519,1.0
10526,1.0
10527,1.0
10532,1.0
10535,1.0
10537,1.0
10538,1.0
10539,1.0
10551,1.0
10558,1.0
10561,0.0
10564,1.0
10579,1.0
10581,1.0
10583,1.0
10584,1.0
10591,1.0
