"Outcome","JA_SCORE","FR_SCORE","BWA_SCORE","GESAMT_SCORE","krf","PD","Ertrag_marge","start_EAD","LGD_rest_Ecosfera_avg","LGD_12_Ecosfera","bonitaetsindex","std_krediturteil","VC_umsatz","default","v_verlust_aug","verlust","A_FLAG_NEUGESCHAEFT","EIP_BLANKO","EIP_PBLANKO","EIP_BSG","EIP_PBSG","EIP_GESAMTENGA","EIP_PROTONEUENGA","EIP_PROTONEUSICHERHEITEN","EIP_EWB","V_VOTIERUNGSDATUM","SRK_LGD_rest_Ecosfera_avg","SRK_LGD_12_Ecosfera"
1,0.00786,0.05237,0,0.03332,"3-",0.0101,6120.59,80900,0.25753,0.30105,213,31,1700000,0,0,0,1,38738.48,40450,0.8683,0.7931,294153.84,80900,40450,0,"15MAR2017:10:14:07.418000",0.002601,0.003041
1,0.07069,0.17509,0.01061,0.03648,"6+",0.0473,1677.88,81000,0.03153,0.04074,247,11,9e+05,0,0,0,1,37365.14,0,0.8914,0,344103.32,81000,56700,0,"16NOV2011:15:26:09.448000",0.001491,0.001927
1,0.0135,0.0139,0.00477,0.01138,"3-",0.0101,0,0,0,0,210,31,2500000,0,0,0,0,0,0,1.1685,1.1685,1e+06,0,0,0,"21FEB2017:13:36:58.281000",0,0
1,0.08188,0.17536,0.14119,0.1319,"7+",0.1101,27.09,76500,0.03909,0.04883,254,21,6e+06,0,0,0,1,160096.47,160096.47,0.7297,0.7103,592391.51,76500,63750,0,"03JUL2013:15:08:51.257000",0.004304,0.005377
1,0.00849,0.05642,0.08366,0.08374,"6+",0.0473,32727.5,1036000,0.0061,0.0061,268,21,1.1e+07,0,0,0,1,520085.31,0,0.8695,1,3985363.16,1036000,787150,0,"16MAY2013:17:39:54.766000",0.000289,0.000289
1,0.04114,0.09471,0.03179,0.05853,"7+",0.1101,2762.63,55000,0.02855,0.0398,197,31,2800000,0,0,0,1,6400,0,0.983,0,376882.02,55000,54000,0,"19MAR2015:17:16:49.317000",0.003143,0.004382
1,0.01246,0.18769,0.10426,0.04068,"6",0.0628,2494.15,82000,0.03135,0.04058,168,0,5e+06,0,0,0,1,66342.16,0,0.8851,0,577149.29,82000,57400,0,"08JUL2011:09:35:32.227000",0.001969,0.002548
1,0.00428,0.07985,0.12281,0.10348,"6",0.0628,899.89,25000,0.01624,0.02142,220,21,290000,0,0,0,1,70860.2,0,0.9629,1.1214,1909888.81,25000,24000,0,"06APR2011:18:00:55.315000",0.00102,0.001345
1,0.10614,0.01913,0.0274,0.08297,"5-",0.0359,0,0,0,0,266,1,2e+07,0,0,0,0,647734.75,0,0.6426,0,1812314.33,0,0,0,"23JUN2016:10:59:18.001000",0,0
1,0.05414,0.16971,0.03974,0.03889,"6+",0.0473,3385.03,335000,0.03167,0.03478,201,21,650000,0,0,0,1,88994.78,88994.78,0.7967,0.7967,437722.41,335000,251250,0,"18MAR2013:10:49:28.279000",0.001498,0.001645
1,0.0356,0.02105,0.06976,0.0391,"6+",0.0473,1880.91,58000,0.16744,0.21293,212,31,17300000,0,0,0,1,65004.45,0,0.8682,0,493088.54,0,0,0,"24NOV2015:10:42:46.805000",0.00792,0.010072
1,0.02953,0.09471,0.08541,0.14478,"7+",0.1101,0,0,0,0,204,21,0,0,0,0,0,0,0,0,0,1540000,0,0,0,"14MAR2014:12:39:10.289000",0,0
1,0.01947,0.12523,0.08379,0.14752,"7+",0.1101,7614.57,136300,0.17348,0.19458,300,21,3e+06,0,0,0,1,59744.61,0,0.8238,0,338978.29,136300,100780,0,"16MAR2015:11:01:23.000000",0.0191,0.021423
1,0.01432,0.20418,0.07173,0.04675,"6-",0.0834,17438.28,516992.97,0.04159,0.04501,168,0,1e+06,0,0,0,1,170157.12,170157.12,0.7105,0.7105,587670.83,516992.97,276692,0,"01JUL2011:15:39:35.520000",0.003469,0.003754
1,0.08825,0.14689,0.09141,0.02895,"5-",0.0359,0,0,0,0,201,0,1090000,0,0,0,0,22942.08,0,0.929,0,5e+05,0,0,0,"16JAN2013:09:07:02.729000",0,0
1,0.02031,0.01142,0.02207,0.01748,"4",0.0144,8259.8,249000,0.1185,0.17594,241,21,1420000,0,0,0,1,139503.92,0,0.8158,0,757503.55,249000,186750,0,"10MAR2017:13:53:01.012000",0.001706,0.002533
1,0.01901,0.11756,0,0.08849,"7+",0.1101,2301.36,110000,0.19394,0.19493,213,31,850000,0,0,0,1,280786.05,280786.05,0.7605,0.7605,1172460.77,110000,82500,0,"30SEP2015:15:18:25.092000",0.021352,0.021462
1,0.0294,0.14928,0.02807,0.11336,"6+",0.0473,2247.79,30834,0.0504,0.06077,273,0,1250000,0,0,0,1,104319.62,104319.62,0.7793,0.7793,472704.15,30834,9218.95,0,"22MAR2011:13:37:12.488000",0.002384,0.002874
1,0.03217,0.04187,0.02314,0.06504,"5-",0.0359,0,106207.5,0.04204,0.04913,266,1,0,0,0,0,1,25882.5,2017.47,0.9736,0.9979,980513.9,106207.5,89250,0,"21MAR2013:15:05:52.986000",0.001509,0.001764
1,0.05997,0.08888,0.15827,0.04777,"6-",0.0834,6314.62,191000,0.03399,0.04103,220,41,3200000,0,0,0,1,6881.78,0,0.9893,0,645038.22,191000,143250,0,"26JAN2012:09:37:16.233000",0.002834,0.003422
1,0.12962,0.17199,0.10411,0.13867,"6-",0.0834,484.06,18800,0.02931,0.03224,196,31,4e+06,0,0,0,1,52442.94,52442.94,0.8587,0.8435,371177.94,18800,12220,0,"19APR2011:08:58:49.003000",0.002444,0.002689
1,0.02294,0.09471,0.07511,0.15092,"6-",0.0834,15108.94,295000,0.16285,0.20449,192,21,0,0,0,0,1,70783.26,70783.26,0.8244,0.8244,403000,0,0,0,"21OCT2014:10:37:13.106000",0.013582,0.017055
1,0.07379,0.25204,0.09051,0.14409,"6",0.0628,0,0,0,0,226,41,5199402.58,0,0,0,0,85271.72,85271.72,0.8392,0.8392,530275.39,0,0,0,"02JUN2014:08:41:03.863000",0,0
1,0.03069,0.12018,0.00736,0.02069,"4-",0.0174,3663.21,50000,0.04374,0.05409,209,11,1600000,0,0,0,1,139383.63,0,0.7178,0,493868.43,50000,33936.33,0,"14MAR2013:12:35:47.249000",0.000761,0.000941
1,0.02754,0.09858,0.06672,0.06401,"7",0.1443,21795.38,539871,0.0061,0.0061,241,21,1200000,0,0,0,1,189517.63,0,0.8062,0,977956.5,539871,332955,0,"21FEB2012:11:22:03.943000",0.00088,0.00088
1,0.12818,0.2673,0,0.07556,"7-",0.1872,13816.12,311780,0.10019,0.10959,225,31,520000,0,0,0,1,92270.71,0,0.7223,0,332275.48,311780,0,0,"30JUN2014:13:37:19.693000",0.018755,0.020516
1,0.02609,0.29782,0.03984,0.15893,"7",0.1443,3466.43,59920,0.17951,0.2295,189,0,1200000,0,0,0,1,3144.47,0,0.9943,0,551748.63,59920,41944,0,"15JUL2014:08:46:52.655000",0.025903,0.033117
1,0.06297,0.12523,0.05795,0.06176,"7+",0.1101,3103.36,87500,0.03105,0.04017,189,41,750000,0,0,0,1,51950.58,0,0.8067,0,271297.11,87500,65625,0,"05SEP2013:10:28:14.446000",0.003418,0.004423
1,0.03471,0.18989,0.10009,0.05403,"7+",0.1101,3891.59,105000,0.03509,0.05115,168,0,27781614,0,0,0,1,14115202.01,211611.48,0.4367,0.8574,3.7e+07,105000,78750,0,"22NOV2010:12:56:37.880000",0.003863,0.005632
1,0.00982,0.25204,0.07438,0.12656,"6",0.0628,715.02,24589.67,0.13709,0.15624,213,21,0,0,0,0,1,128193.03,0,0.5617,0,292487.28,24589.67,15983.29,0,"12SEP2014:10:47:05.100000",0.008609,0.009812
1,0.06398,0.0096,0,0.03733,"6+",0.0473,808.24,30500,0.14779,0.20296,202,21,4900000,0,0,0,1,136662.46,99992.73,0.7465,0.7072,539111.49,30500,21350,0,"19NOV2015:07:42:35.817000",0.00699,0.0096
1,0.03597,0.02373,0,0.14185,"6+",0.0473,0,0,0,0,270,21,0,0,0,0,0,1000387.44,572924.06,0.6646,0.433,2982988.34,0,0,0,"28APR2016:14:45:52.462000",0,0
1,0.03383,0.09471,0.09726,0.05163,"6-",0.0834,0,0,0,0,187,41,39059000,0,0,0,0,578593.71,549610.62,0.2727,0.283,1850000,0,0,0,"18OCT2012:16:54:59.512000",0,0
1,0.02097,0.08888,0.02741,0.04777,"6-",0.0834,6314.62,191000,0.03399,0.04103,228,21,3200000,0,0,0,1,6881.78,0,0.9893,0,645038.22,191000,143250,0,"26JAN2012:09:37:16.233000",0.002834,0.003422
1,0.01334,0.09471,0.04595,0.13104,"6",0.0628,0,0,0,0,272,21,650000,0,0,0,0,22382.61,0,0.8817,0,4e+05,0,0,0,"17OCT2013:11:24:08.187000",0,0
1,0.06264,0.01677,0.0687,0.01974,"4-",0.0174,4677.25,94440,0.18244,0.23184,265,41,2308700,0,0,0,1,64051.3,44277.07,0.8494,0.8619,425444.32,94440,66108,0,"04AUG2016:14:39:37.895000",0.003174,0.004034
1,0.01165,0.06519,0,0.06161,"5+",0.0217,17874.55,529566.16,0.07008,0.11843,213,21,0,0,0,0,1,481905.21,0,0.09,0,529566.16,0,0,0,"23OCT2015:09:00:05.733000",0.001521,0.00257
1,0.03585,0.05244,0.15936,0.04134,"6",0.0628,0,0,0,0,206,41,2513304.79,0,0,0,0,139724.37,0,0.7043,2.4907,472550.1,0,0,0,"04JAN2012:09:23:20.062000",0,0
1,0.06397,0.23678,0.16053,0.15302,"6-",0.0834,6984.62,277454.48,0.13954,0.18318,210,31,6800000,0,0,0,1,0,0,1.0641,1.0641,345395.43,277454.48,180345.41,0,"10MAR2014:14:27:04.457000",0.011637,0.015277
1,0.01526,0.19861,0.1033,0.1229,"6+",0.0473,2283.82,90000,0.03802,0.05024,241,21,4e+06,0,0,0,1,15222.95,0,0.9372,0,272724.37,90000,63000,0,"06DEC2012:13:49:34.013000",0.001798,0.002376
1,0.02097,0.20574,0.15827,0.04777,"6-",0.0834,6314.62,191000,0.03399,0.04103,168,1,3200000,0,0,0,1,6881.78,0,0.9893,0,645038.22,191000,143250,0,"26JAN2012:09:37:16.233000",0.002834,0.003422
1,0.0258,0.23665,0.05795,0.06176,"7+",0.1101,3103.36,87500,0.03105,0.04017,168,11,750000,0,0,0,1,51950.58,0,0.8067,0,271297.11,87500,65625,0,"05SEP2013:10:28:14.446000",0.003418,0.004423
1,0.01975,0.03353,0.00865,0.02197,"5+",0.0217,3152.7,60950,0.18886,0.20687,254,21,1500000,0,0,0,1,56525.12,0,0.9232,0,796618.83,60950,0,0,"13OCT2016:10:22:49.824000",0.004098,0.004489
1,0.04098,0.23678,0.10457,0.04431,"6",0.0628,7958.41,170000,0.20926,0.21308,225,21,0,0,0,0,1,28696.69,0,0.9072,0,309215.59,170000,127500,0,"20JAN2015:11:09:28.996000",0.013141,0.013381
1,0.03656,0.09471,0.0809,0.06961,"7",0.1443,0,0,0,0,167,31,0,0,0,0,0,385046.21,356155.45,0.5937,0.5934,2380000,0,0,0,"07APR2014:08:40:09.147000",0,0
1,0.00797,0.09471,0.02449,0.04436,"6",0.0628,4811.46,439500,0.01011,0.01795,216,21,7e+06,0,0,0,1,324597.38,324597.38,0.6867,0.6867,1036202.75,439500,307650,0,"08DEC2014:11:18:00.203000",0.000635,0.001127
1,0.08592,0.04396,0.00839,0.03415,"6+",0.0473,3655.78,105000,0.19124,0.2126,192,11,0,0,0,0,1,222676.98,200040.81,0.7191,0.5957,792798.2,105000,78750,0,"18AUG2016:09:46:10.397000",0.009046,0.010056
1,0.01121,0.23678,0.21412,0.1708,"7+",0.1101,1098.98,29500,0.16634,0.22403,213,21,-2,0,0,0,1,80539.64,10915,0.8923,0.63,747664.93,29500,20650,0,"28AUG2014:12:20:30.782000",0.018314,0.024665
1,0.03104,0.04021,0,0.01902,"4-",0.0174,2841.84,88970,0.14203,0.15863,211,21,9e+07,0,0,0,1,25356.45,0,0.715,0,88970,88970,46709.25,0,"05JUL2016:10:29:55.612000",0.002471,0.00276
1,0.06843,0.0275,0.01873,0.0287,"5",0.0276,771.1,21271.97,0.16835,0.22444,218,11,1e+07,0,0,0,1,777302.41,777302.41,0.4157,0.4157,1330394.92,21271.97,11699.58,0,"21MAR2016:14:59:56.178000",0.004647,0.006194
1,0.02028,0.25204,0.10815,0.14359,"7+",0.1101,0,0,0,0,213,21,147976755.3,0,0,0,0,1067520.08,938320.58,0.677,0.6735,4964000,0,0,0,"15APR2015:14:52:45.112000",0,0
1,0.12129,0.13537,0.10205,0.0755,"7-",0.1872,2051.29,51500,0.05679,0.06363,168,1,3.5e+07,0,0,0,1,179877.06,0,0.7086,0,617386.54,51500,13650,0,"11DEC2012:16:16:31.614000",0.010632,0.011912
1,0.04114,0.23678,0.03179,0.13307,"7+",0.1101,2762.63,55000,0.02855,0.0398,224,0,2800000,0,0,0,1,6400,0,0.983,0,376882.02,55000,54000,0,"19MAR2015:17:16:49.317000",0.003143,0.004382
1,0.01842,0.12523,0.04551,0.05052,"6-",0.0834,0,249500,0.18255,0.22043,245,41,0,0,0,0,1,171723.52,171723.52,0.6631,0.6631,509784.66,249500,162175,0,"18MAR2015:14:20:40.277000",0.015225,0.018384
1,0.01065,0.00826,0,0.00948,"3",0.0084,0,0,0,0,173,21,87248000,0,0,0,0,0,0,0,0,2500000,0,0,0,"16JUN2015:17:22:33.401000",0,0
1,0.08828,0.25204,0,0.15178,"6-",0.0834,546.88,20490.45,0.11872,0.15912,226,41,4.6e+07,0,0,0,1,577808.63,488393.2,0.5807,0.5772,1377986.04,20490.45,11269.75,0,"28JAN2015:15:09:54.142000",0.009901,0.013271
1,0.00514,0.03765,0,0.01078,"3-",0.0101,3590.22,111001,0.15538,0.22205,211,21,3200000,0,0,0,1,86761.66,0,0.7692,0,375895.47,111001,83250.75,0,"03JAN2017:12:16:20.753000",0.001569,0.002243
1,0.02255,0.09471,0.02154,0.04899,"6-",0.0834,0,0,0,0,221,31,7e+05,0,0,0,0,58699.14,0,0.6861,0,444000,0,0,0,"11MAR2015:19:12:27.685000",0,0
1,0.10373,0.16421,0.05074,0.03213,"5-",0.0359,10920.22,220000,0.01145,0.01661,201,21,720000,0,0,0,1,38889.54,0,0.905,0,409332.04,220000,204160,0,"27FEB2012:09:46:56.971000",0.000411,0.000596
1,0.07199,0.09858,0.0197,0.11933,"7+",0.1101,1661.79,54000,0.03574,0.04535,266,1,8200867.7,0,0,0,1,0,0,1,1.0009,357676.56,54000,40500,0,"12MAR2013:14:55:55.939000",0.003935,0.004993
1,0.00584,0.09471,0.0254,0.04381,"6",0.0628,0,0,0,0,203,31,4700000,0,0,0,0,0,0,0,0,3e+05,0,0,0,"03MAR2015:15:50:53.972000",0,0
1,0.07613,0.06097,0.01861,0.12543,"6+",0.0473,5551.05,157000,0.02308,0.03106,187,1,2500000,0,0,0,1,135427.87,0,0.8533,0,922921.42,157000,109900,0,"05JUL2010:15:50:48.651000",0.001092,0.001469
1,0.0528,0.01161,0.01873,0.0287,"5",0.0276,771.1,21271.97,0.16835,0.22444,282,31,1e+07,0,0,0,1,777302.41,777302.41,0.4157,0.4157,1330394.92,21271.97,11699.58,0,"21MAR2016:14:59:56.178000",0.004647,0.006194
1,0.01331,0.05642,0.02741,0.03293,"5-",0.0359,3608.47,95800,0.02892,0.03826,223,21,1600000,0,0,0,1,67886.38,0,0.7827,0,415000,95800,67060,0,"11OCT2011:17:06:54.370000",0.001038,0.001374
1,0.01498,0.14131,0.11955,0.10625,"6",0.0628,0,0,0,0,241,21,2340000,0,0,0,0,201613.2,201613.2,0.6369,0.6369,850000,0,0,0,"15FEB2013:09:14:30.098000",0,0
1,0.10001,0.04187,0.08745,0.12855,"7+",0.1101,0,0,0,0,187,1,0,0,0,0,0,2270257.72,0,0.626,0,7700000,0,0,0,"18AUG2010:08:43:26.941000",0,0
1,0.07072,0.2673,0.02377,0.05199,"6-",0.0834,476.15,18698,0.24349,0.32554,207,11,-2,0,0,0,1,329226.29,329226.29,0.4702,0.4702,790000,18698,10283.9,0,"04AUG2014:14:03:15.299000",0.020307,0.02715
1,0.06615,0.04194,0.06372,0.05656,"7+",0.1101,0,0,0,0,293,31,1.9e+07,0,0,0,1,536736.59,148392.18,0.7057,0.6328,1823590.49,69242.77,6924.28,0,"11JAN2010:09:53:03.519000",0,0
1,0.04774,0.04516,0.00736,0.09042,"4-",0.0174,1372.6,20000,0.03612,0.04547,266,1,1600000,0,0,0,1,113169.49,0,0.72,0,404184.07,20000,16050.23,0,"23APR2013:10:04:58.045000",0.000629,0.000791
1,0.01086,0.12523,0.02292,0.05631,"7+",0.1101,4519.04,1e+05,0.12436,0.176,272,31,450000,0,0,0,1,35075.55,0,0.8924,0,326009.89,1e+05,83200,0,"22APR2014:10:46:06.025000",0.013692,0.019378
1,0.04545,0.16793,0.09282,0.10308,"5",0.0276,15417.4,420000,0.03559,0.04454,196,31,2850000,0,0,0,1,139223.14,0,0.8796,0,1155948.75,420000,315000,0,"22SEP2010:14:03:41.567000",0.000982,0.001229
1,0.02754,0.015,0.02776,0.04234,"4-",0.0174,6619.89,149830,0.15716,0.19593,232,21,6700000,0,0,0,1,76671.13,0,0.9083,0,835822.78,149830,109731,0,"20OCT2016:10:02:00.033000",0.002735,0.003409
1,0.04614,0.09333,0.04624,0.06363,"5+",0.0217,3152.7,60950,0.18886,0.20687,167,21,1500000,0,0,0,1,56525.12,0,0.9232,0,796618.83,60950,0,0,"13OCT2016:10:22:49.824000",0.004098,0.004489
1,0.02016,0.05642,0.03366,0.03709,"6+",0.0473,3205.76,84500,0.03473,0.04371,202,31,2200000,0,0,0,1,52494.16,0,0.8159,0,285110.8,84500,63375,0,"15MAY2013:07:08:44.640000",0.001643,0.002068
1,0.10603,0.08946,0.07659,0.09224,"6-",0.0834,0,0,0,0,226,31,12500000,0,0,0,0,1443365.65,484505.55,0.5758,0.5764,9140000,0,0,0,"28APR2016:15:28:03.687000",0,0
1,0.00381,0.12523,0.02166,0.05338,"6-",0.0834,3881.43,101468.1,0.13998,0.1622,215,31,221627485.35,0,0,0,1,7189131.33,487889.01,0.57,0.5911,2.5e+07,101468.1,49880,0,"27JUN2014:11:39:40.188000",0.011674,0.013527
1,0.05675,0.12523,0.11696,0.14991,"7-",0.1872,2984.85,128900,0.04205,0.05199,266,1,55200000,0,0,0,1,32225,32225,0.9088,0.75,353457.7,128900,96675,0,"05JUL2013:09:26:38.131000",0.007872,0.009733
1,0.01479,0.05244,0.00924,0.02728,"5",0.0276,758.83,36500,0.03439,0.04401,222,21,2750000,0,0,0,1,7877.6,7877.6,0.9735,0.9652,296855.34,36500,27375,0,"18OCT2012:09:34:21.044000",0.000949,0.001215
1,0.05171,0.20392,0.17418,0.0568,"7+",0.1101,328.43,47386.8,0.0313,0.0393,201,21,1.2e+07,0,0,0,1,538739.22,54725.79,0.8289,0.9225,3148089.75,47386.8,0,0,"12JUN2013:11:47:41.188000",0.003446,0.004327
1,0.01353,0.03955,0.02677,0.0266,"5",0.0276,4618.76,339355,0.04803,0.05458,271,31,4.1e+07,0,0,0,1,190940.33,190940.33,0.5461,0.5461,420620.05,339355,220580.75,0,"24JUL2012:09:37:11.852000",0.001326,0.001506
1,0.02016,0.04703,0.06213,0.05049,"5",0.0276,16697.82,423110,0.04987,0.05339,213,21,5e+06,0,0,0,1,166248.06,0,0.6541,0,480637.37,423110,275021.5,0,"28SEP2016:15:59:25.977000",0.001376,0.001474
1,0.0294,0.09471,0.0254,0.05253,"6-",0.0834,6984.62,277454.48,0.13954,0.18318,225,21,6800000,0,0,0,1,0,0,1.0641,1.0641,345395.43,277454.48,180345.41,0,"10MAR2014:14:27:04.457000",0.011637,0.015277
1,0.0223,0.04516,0,0.11557,"5-",0.0359,9125.51,265000,0.06254,0.07083,223,21,150000,0,0,0,1,370608.82,370608.82,0.7522,0.7522,1495600.78,265000,185500,0,"23MAR2010:09:32:45.394000",0.002245,0.002543
1,0.00361,0.01649,0.01775,0.01205,"3-",0.0101,5897.02,205000,0.21381,0.27299,200,31,3e+06,0,0,0,1,216114.33,0,0.6415,0,602834.4,205000,133250,0,"27FEB2017:12:06:44.103000",0.002159,0.002757
1,0.01065,0.00826,0,0.04601,"3",0.0084,0,0,0,0,187,21,87248000,0,0,0,0,0,0,0,0,2500000,0,0,0,"16JUN2015:17:22:33.401000",0,0
1,0.01206,0.09471,0.07302,0.1395,"6",0.0628,4151.15,139600,0.12437,0.16848,295,21,90000,0,0,0,1,110462.72,110462.72,0.8356,0.8192,671926.3,139600,103365,0,"25FEB2014:16:35:46.768000",0.00781,0.010581
1,0.00895,0.09471,0.06473,0.11746,"6",0.0628,0,0,0,0,270,21,0,0,0,0,0,65030.84,65030.84,0.8512,0.8512,8e+05,0,0,0,"07MAY2014:16:45:53.171000",0,0
1,0.07383,0.09471,0.01339,0.10072,"7+",0.1101,1972.58,43000,0.03902,0.05116,187,1,0,0,0,0,1,85734.33,40849.85,0.8998,0.9214,855264.83,43000,30100,0,"08AUG2011:11:47:28.827000",0.004296,0.005632
1,0.07544,0.21991,0.0809,0.07448,"7",0.1443,0,0,0,0,272,11,2276000,0,0,0,1,746833.47,746833.47,0.4831,0.4831,1444758.43,5e+05,350000,0,"11JUN2010:09:10:54.720000",0,0
1,0.00865,0.1601,0.10388,0.10812,"5",0.0276,1191.78,32000,0.03568,0.04722,241,21,120000,0,0,0,1,43094.47,43094.47,0.8817,0.8544,6e+05,32000,22400,0,"15JUL2011:16:43:17.068000",0.000985,0.001303
1,0.02346,0.01538,0,0.0195,"4-",0.0174,2532.86,185000,0.17849,0.20425,126,31,1600000,0,0,0,1,177903.34,60125,0.7082,0.675,1e+06,0,0,0,"29JUN2015:11:06:47.358000",0.003106,0.003554
1,0.01934,0.09471,0.05844,0.05739,"7+",0.1101,990.55,150000,0.05181,0.02789,168,21,7500000,0,0,0,1,350870.09,350870.09,0.6406,0.6406,1152419.06,150000,0,0,"09AUG2013:13:54:51.164000",0.005704,0.003071
1,0.03452,0.12878,0.08745,0.04176,"6",0.0628,3101.66,1e+05,0.02491,0.03229,239,11,4500000,0,0,0,1,276210.27,276210.27,0.7068,0.7068,941938.55,118597.88,77088.62,0,"16AUG2011:11:39:06.180000",0.001564,0.002028
1,0.05336,0.21039,0.06994,0.11577,"6-",0.0834,11350.77,378234.63,0.03269,0.04366,210,21,4e+06,0,0,0,1,419132.52,419132.52,0.6551,0.6551,1215201.99,378234.63,271080.19,0,"03JUL2013:11:01:06.468000",0.002727,0.003641
1,0.01704,0.17627,0.0226,0.08886,"6",0.0628,1071.43,311000,0.02437,0.03097,202,0,80000,0,0,0,1,0,0,1,1.039,472559.29,311000,435400,0,"23OCT2012:08:21:55.233000",0.00153,0.001945
1,0.01429,0.12523,0.04851,0.0878,"6-",0.0834,77751.37,1846153.85,0.04872,0.06514,269,21,5.5e+07,0,0,0,1,336554.73,0,0.9714,1.1793,11758069.84,1846153.85,1369138.46,0,"09SEP2013:11:27:00.093000",0.004063,0.005433
1,0.00986,0.13349,0.11558,0.02891,"5-",0.0359,3874.54,140000,0.0112,0.01305,168,1,3e+06,0,0,0,1,7092.5,0,0.9493,0,750000,140000,147675,0,"26FEB2013:09:35:05.952000",0.000402,0.000468
1,0.06031,0.05642,0.09944,0.04558,"6",0.0628,0,63345,0.05052,0.03869,196,41,19370000,0,0,0,1,0,0,1,1.5497,215960.22,63345,0,0,"09NOV2011:13:43:01.615000",0.003172,0.00243
1,0.06733,0.12523,0.1524,0.17472,"7-",0.1872,23350.48,430000,0.16246,0.19434,245,21,7800000,0,0,0,1,159100,0,0.63,0,430000,430000,301000,0,"04JUN2014:15:52:21.794000",0.030413,0.036381
1,0.05092,0.21364,0.07672,0.11783,"6-",0.0834,7489.6,183500,0.05765,0.06334,196,41,6590235.84,0,0,0,1,145233.85,0,0.4066,0,244757.95,183500,59150,0,"15DEC2011:11:56:45.407000",0.004808,0.005282
1,0.06108,0.196,0.09959,0.06863,"7",0.1443,429.21,54000,0.03111,0.03914,201,21,1800000,0,0,0,1,111432.72,77272.92,0.8025,0.7789,564356.24,54000,45000,0,"21AUG2012:10:25:30.051000",0.004489,0.005647
1,0.04049,0.05713,0.08199,0.04363,"6",0.0628,2904.15,60000,0.17949,0.22949,209,11,5300000,0,0,0,1,0,0,1.0244,0,611092.94,0,0,0,"18MAR2016:13:19:34.044000",0.011272,0.014412
1,0.0575,0.12523,0.09788,0.07113,"7",0.1443,5593.84,119960,0.04137,0.05202,203,41,0,0,0,0,1,29585.98,13195.6,0.8992,0.89,293456.89,119960,83972,0,"30MAY2012:10:17:41.590000",0.00597,0.007506
1,0.05558,0.05642,0.06755,0.0994,"6-",0.0834,13323.77,282000,0.04711,0.05724,187,1,13300000,0,0,0,1,290957.62,290957.62,0.8115,0.8115,1543812.03,282000,183300,0,"04AUG2011:14:49:48.796000",0.003929,0.004774
1,0.02888,0.05651,0.02873,0.071,"6+",0.0473,27708.6,730000,0.03368,0.03848,187,1,1600000,0,0,0,1,114576.07,114576.07,0.8697,0.8697,879281.53,730000,511000,0,"16SEP2010:13:52:43.646000",0.001593,0.00182
1,0.01335,0.09471,0.02708,0.04703,"6-",0.0834,0,0,0,0,202,21,82500000,0,0,0,0,517309.57,344654.63,0.4712,0.5707,2750000,0,0,0,"07APR2014:17:32:26.187000",0,0
1,0.00399,0.00709,0,0.09514,"3",0.0084,7494.44,153900,0.16441,0.20337,260,21,950000,0,0,0,1,152769.74,152769.74,0.6838,0.6838,483090.92,153900,112230,0,"16FEB2017:10:16:00.782000",0.001381,0.001708
1,0.02709,0.09471,0.10612,0.13568,"6-",0.0834,5178.18,150000,0.02608,0.03558,192,21,5e+05,0,0,0,1,30571.08,69781.08,0.9271,0.8774,569379.72,150000,123100,0,"02SEP2013:15:04:44.530000",0.002175,0.002967
1,0.02953,0.0382,0.08757,0.07773,"6+",0.0473,0,0,0,0,269,21,10641652.1,0,0,0,0,225630.41,0,0.6084,0,950000,0,0,0,"28JUN2016:13:29:42.565000",0,0
1,0.07332,0.08888,0.02873,0.1108,"6",0.0628,7692.17,235000,0.02072,0.03063,187,1,2e+06,0,0,0,1,0,0,1.0563,1.1534,441264.38,235000,188000,0,"12NOV2012:14:37:05.105000",0.001301,0.001924
1,0.07422,0.03809,0,0.05668,"4-",0.0174,0,0,0,0,226,21,3e+06,0,0,0,0,147102.21,0,0.7914,0,705045.08,0,0,0,"23DEC2015:13:29:23.484000",0,0
1,0.04015,0.12408,0.08639,0.02861,"5",0.0276,2635.43,85000,0.03372,0.04346,201,21,5250000,1,0,0,1,0,0,1.0029,1.0571,1946269.58,85000,63750,0,"16MAR2012:13:52:41.241000",0.000931,0.0012
1,0.10176,0.0114,0.0226,0.06415,"5",0.0276,5488.46,144500,0.13384,0.18236,266,1,0,0,0,0,1,149544.95,149544.95,0.8636,0.8636,1096406.63,0,0,0,"20JUN2016:13:20:41.733000",0.003694,0.005033
1,0.03104,0.0266,0,0.01857,"4-",0.0174,0,0,0,0,168,11,860388019.94,0,0,0,0,438653.93,0,0.024,0,1349000,0,0,0,"20JUL2015:11:05:46.814000",0,0
1,0.0749,0.02408,0,0.01785,"4",0.0144,2872.17,125000,0.15675,0.1982,275,41,125000,0,0,0,1,44350.3,7500,0.8324,0.94,264668.81,125000,93750,0,"02MAY2016:10:58:12.178000",0.002257,0.002854
1,0.12724,0.14805,0.11696,0.07904,"7-",0.1872,0,0,0,0,233,11,1500000,0,0,0,0,0,0,0,0,150000,0,0,0,"26JAN2011:11:08:55.448000",0,0
1,0.00399,0.00866,0,0.00628,"2",0.0048,1755.02,73000,0.08952,0.10616,207,11,5660000,0,0,0,1,61549.53,0,0.84,0,384586.46,73000,61620,0,"22DEC2015:09:05:17.707000",0.00043,0.00051
1,0.01327,0.09471,0.02807,0.04725,"6-",0.0834,11350.77,378234.63,0.03269,0.04366,198,31,4e+06,0,0,0,1,419132.52,419132.52,0.6551,0.6551,1215201.99,378234.63,271080.19,0,"03JUL2013:11:01:06.468000",0.002727,0.003641
1,0.04157,0.16367,0.0129,0.03599,"6+",0.0473,854.45,21569.8,0.04098,0.05349,249,11,2020000,0,0,0,1,80119.18,0,0.8045,0,409723.71,21569.8,11863.39,0,"29OCT2010:09:33:53.685000",0.001938,0.00253
1,0.04927,0.04194,0.0863,0.10073,"6",0.0628,1210.33,28500,0.04432,0.05752,187,1,12500000,0,0,0,1,41577.62,41577.62,0.8224,0.8224,234162.42,28500,15675,0,"28FEB2011:17:42:37.118000",0.002783,0.003613
1,0.0779,0.13682,0.0914,0.11248,"7",0.1443,0,0,0,0,241,21,5700000,0,0,0,1,111612.62,111612.62,0.8813,0.8813,939969.53,43700,30590,0,"11FEB2010:10:50:19.898000",0,0
1,0.00381,0.09471,0.0254,0.04306,"6",0.0628,0,0,0,0,188,21,1.2e+09,0,0,0,0,0,0,0,0,175000,0,0,0,"03JAN2014:11:43:52.752000",0,0
1,0.02191,0.01863,0,0.02031,"4-",0.0174,6227.17,259000,0.06995,0.11274,220,31,355000,0,0,0,1,28843.96,84353.61,0.9891,0.7367,2656103.97,0,0,0,"14APR2016:15:18:40.566000",0.001217,0.001962
1,0.01017,0.14043,0.04811,0.02104,"4-",0.0174,18516.7,757522,0.01823,0.01389,168,11,0,0,0,0,1,277098.66,277098.66,0.8582,0.8566,1957926.25,757522,466500,0,"30APR2013:09:24:00.150000",0.000317,0.000242
1,0.086,0.25204,0.11156,0.15409,"7+",0.1101,3295.23,140000,0.13717,0.15506,226,31,2.6e+07,0,0,0,1,231206.12,126532.28,0.824,0.8197,1600000,140000,91000,0,"24SEP2014:08:53:22.391000",0.015102,0.017072
1,0.0189,0.2505,0.13747,0.04233,"6",0.0628,7226.21,220000,0.03876,0.04742,168,1,850000,0,0,0,1,117918.95,0,0.7743,0,522501.36,198000,159500,0,"08JUN2012:10:22:42.188000",0.002434,0.002978
1,0.05324,0.09643,0.0606,0.07114,"4-",0.0174,3558.76,180000,0.09458,0.12882,226,11,4.3e+07,0,0,0,1,356500,356500,0,0,356500,180000,0,0,"02JUN2015:08:21:06.059000",0.001646,0.002242
1,0.0362,0.20796,0.07062,0.06096,"7+",0.1101,2904.91,1e+05,0.02952,0.03807,201,21,2931000,0,0,0,1,74932.38,0,0.7366,0,284463.21,1e+05,79963.74,0,"20DEC2011:15:08:28.399000",0.00325,0.004192
1,0.00493,0.12523,0.0129,0.05152,"6-",0.0834,2662.99,78000,0.13792,0.17597,206,21,1e+06,0,0,0,1,61619.67,0,0.7759,0,274951.85,78000,59176.5,0,"16JAN2015:14:27:37.148000",0.011502,0.014676
1,0.05444,0.14147,0.06802,0.10542,"6+",0.0473,3266.1,65000,0.0308,0.03886,241,21,8509661.68,0,0,0,1,22354.46,0,0.9537,0,482971.88,65000,54166.67,0,"11AUG2011:09:23:17.480000",0.001457,0.001838
1,0.01947,0.12523,0.01607,0.05772,"7+",0.1101,7614.57,136300,0.17348,0.19458,246,31,3e+06,0,0,0,1,59744.61,0,0.8238,0,338978.29,136300,100780,0,"16MAR2015:11:01:23.000000",0.0191,0.021423
1,0.01423,0.03341,0.13707,0.11357,"6",0.0628,0,0,0,0,268,21,4500000,0,0,0,0,0,0,1,1,187528.82,0,0,0,"02MAY2011:10:00:41.936000",0,0
1,0.02617,0.01304,0,0.05012,"5+",0.0217,0,0,0,0,215,21,0,0,0,0,0,852680.01,0,0.5837,0,2500000,0,0,0,"02NOV2015:16:35:44.211000",0,0
1,0.05968,0.10057,0.05481,0.03795,"6+",0.0473,0,0,0,0,169,11,1.12e+08,0,0,0,0,349043.08,349043.08,0,0,449000,0,0,0,"24SEP2010:06:45:52.572000",0,0
1,0.05013,0.12523,0.0802,0.06453,"7",0.1443,8945.41,165000,0.03799,0.0443,272,41,3e+06,0,0,0,1,11887.56,0,0.9817,0,649716.23,165000,123750,0,"14NOV2012:12:37:05.590000",0.005482,0.006393
1,0.0139,0.09471,0.14119,0.1319,"7+",0.1101,27.09,76500,0.03909,0.04883,174,21,6e+06,0,0,0,1,160096.47,160096.47,0.7297,0.7103,592391.51,76500,63750,0,"03JUL2013:15:08:51.257000",0.004304,0.005377
1,0.02904,0.05642,0.12167,0.13056,"6+",0.0473,6678.03,145000,0.04323,0.04835,192,21,7e+06,0,0,0,1,85125,85125,0.6662,0.6662,255000,255000,188750,0,"08JAN2010:08:42:09.689000",0.002045,0.002287
1,0.01595,0.0271,0,0.02141,"4-",0.0174,1640.55,56464.08,0.15363,0.20475,240,31,3750000,0,0,0,1,298900.93,58789.98,0.5659,0.5347,688614.84,56464.08,28232.04,0,"27JUN2016:15:44:56.634000",0.002673,0.003563
1,0.03194,0.18188,0.02499,0.04505,"6",0.0628,0,0,0,0,293,11,0,0,0,0,0,131096.87,0,0.5267,0,750000,0,0,0,"24JUL2012:09:12:21.407000",0,0
1,0.03625,0.17162,0.09392,0.11284,"7+",0.1101,648.96,23424.37,0.046,0.06032,246,31,1e+07,0,0,0,1,147135.72,147135.72,0.4162,0.4162,252029.1,23424.37,14054.62,0,"25JUN2010:09:23:57.194000",0.005065,0.006641
1,0.07136,0.0709,0.0797,0.05257,"6-",0.0834,416.46,15100,0.12054,0.09794,286,41,6050000,0,0,0,1,0,0,1,1,334976.39,0,0,0,"15MAR2016:13:30:33.060000",0.010053,0.008168
1,0.06983,0.09834,0,0.08135,"6",0.0628,10035.11,254896.7,0.03549,0.03837,167,31,1450000,0,0,0,1,0,0,1,1.0783,588725.9,254896.7,167600,0,"03JUL2012:09:33:46.428000",0.002229,0.00241
1,0.05882,0.02535,0,0.01266,"3-",0.0101,0,0,0,0,225,21,4500000,0,0,0,0,103859.48,0,0.8169,0,1e+06,0,0,0,"01MAR2016:09:22:55.048000",0,0
1,0.10614,0.06066,0.0274,0.02932,"5-",0.0359,0,0,0,0,207,11,2e+07,0,0,0,0,647734.75,0,0.6426,0,1812314.33,0,0,0,"23JUN2016:10:59:18.001000",0,0
1,0.02329,0.04194,0.07287,0.04308,"6",0.0628,1028.66,52400,0.09452,0.1482,223,21,-2,0,0,0,1,180094.65,0,0.7282,0,662485.08,65500,49125,0,"07FEB2014:13:46:43.192000",0.005936,0.009307
1,0.13456,0.17089,0.05263,0.1267,"6",0.0628,0,163000,0.03869,0.04719,196,11,-2,0,0,0,1,52975,52975,0.7989,0.675,263479.63,163000,122250,0,"22JAN2013:09:36:34.070000",0.00243,0.002963
1,0.04713,0.09471,0.0793,0.0731,"7",0.1443,0,0,0,0,166,31,0,0,0,0,0,0,45830.55,1,0.6475,4e+05,0,0,0,"05MAY2015:17:05:01.996000",0,0
1,0.12934,0.0282,0,0.09219,"6",0.0628,0,8618.49,0.31797,0.32753,266,1,10798895.16,0,0,0,1,28881.23,7842.83,0.0262,0.09,29657,8618.49,861.85,0,"21JUL2015:14:50:35.004000",0.019968,0.020569
1,0.05022,0.09471,0.04593,0.06557,"7",0.1443,1103.26,40000,0.15201,0.20121,263,31,4600000,0,0,0,1,115167.02,7133.39,0.9155,0.9557,1500000,40000,30000,0,"28JUL2014:08:09:55.603000",0.021935,0.029034
1,0.01343,0.2673,0.11696,0.16307,"7-",0.1872,706.33,22328.81,0.1368,0.15043,0,0,6.8e+07,0,0,0,1,8931.52,0,0.6,0,22328.81,22328.81,13397.29,0,"11MAR2014:12:37:38.511000",0.02561,0.02816
1,0.01389,0.05244,0.15936,0.13414,"6",0.0628,0,0,0,0,237,21,2513304.79,0,0,0,0,139724.37,0,0.7043,2.4907,472550.1,0,0,0,"04JAN2012:09:23:20.062000",0,0
1,0.05077,0.09858,0.0197,0.06038,"7+",0.1101,1661.79,54000,0.03574,0.04535,267,31,8200867.7,0,0,0,1,0,0,1,1.0009,357676.56,54000,40500,0,"12MAR2013:14:55:55.939000",0.003935,0.004993
1,0.08643,0.1319,0.12857,0.05562,"7+",0.1101,815.35,84031.27,0.02798,0.01413,201,31,7900000,0,0,0,1,233655.42,233655.42,0.6959,0.6959,768377.15,84031.27,63023.45,0,"06DEC2010:16:38:04.103000",0.003081,0.001556
1,0.07099,0.12264,0.034,0.0258,"5",0.0276,11637.87,2e+05,0.02579,0.03214,236,11,7e+06,0,0,0,1,0,0,1.0794,1.0862,2852174.35,2e+05,158100,0,"12AUG2010:10:07:27.911000",0.000712,0.000887
1,0.00907,0.03341,0.02449,0.02208,"5+",0.0217,0,0,0,0,276,31,0,0,0,0,0,0,0,1.2645,0,1050000,0,0,0,"26JAN2011:14:59:35.516000",0,0
1,0.06706,0.17199,0.10411,0.13867,"6-",0.0834,484.06,18800,0.02931,0.03224,202,31,4e+06,0,0,0,1,52442.94,52442.94,0.8587,0.8435,371177.94,18800,12220,0,"19APR2011:08:58:49.003000",0.002444,0.002689
1,0.00428,0.07985,0.0536,0.04506,"6",0.0628,899.89,25000,0.01624,0.02142,220,31,290000,0,0,0,1,70860.2,0,0.9629,1.1214,1909888.81,25000,24000,0,"06APR2011:18:00:55.315000",0.00102,0.001345
1,0.08643,0.05328,0.05605,0.06627,"6+",0.0473,0,0,0,0,226,21,7165000,0,0,0,0,69148.58,0,0.719,0,5e+05,0,0,0,"16OCT2015:13:14:51.903000",0,0
1,0.04398,0.11756,0,0.0561,"7+",0.1101,2301.36,110000,0.19394,0.19493,225,21,850000,0,0,0,1,280786.05,280786.05,0.7605,0.7605,1172460.77,110000,82500,0,"30SEP2015:15:18:25.092000",0.021352,0.021462
1,0.04255,0.04681,0,0.04479,"5",0.0276,822.1,26000,0.04009,0.05211,226,31,71762181,0,0,0,1,3346866.3,1365200.46,0.5541,0.537,7505617.07,26000,18200,0,"16MAR2010:14:26:52.222000",0.001106,0.001438
1,0.12199,0.05013,0.02547,0.07031,"5",0.0276,21996.53,338207.5,0.13736,0.16274,167,41,0,0,0,0,1,144435.74,0,0.6597,0,444473.23,0,0,0,"25NOV2016:09:20:52.860000",0.003791,0.004492
1,0.04109,0.1939,0.09686,0.03628,"6+",0.0473,0,0,0,0,168,0,37750000,0,0,0,0,97922.5,122197.61,0.8517,0.8149,1200000,0,0,0,"22JUL2010:16:37:14.077000",0,0
1,0.0468,0.19353,0.0536,0.05035,"6-",0.0834,3642.18,169200,0.04017,0.04071,200,11,1200000,0,0,0,1,174323.04,159314.7,0.7221,0.7247,627178.04,169200,141000,0,"28JUN2011:11:08:02.883000",0.00335,0.003396
1,0.02427,0.12523,0.0132,0.05875,"7+",0.1101,768.86,28500,0.14666,0.19263,126,31,5e+06,0,0,0,1,58289.65,0,0.7714,0,255012.57,28500,21375,0,"05FEB2014:10:32:10.990000",0.016147,0.021208
1,0.05641,0.07401,0.14268,0.05345,"6-",0.0834,8118.71,158000,0.04465,0.04935,174,41,250000,0,0,0,1,2397897.74,51094.83,0.5345,0.6766,5151333.42,158000,118783.52,0,"30APR2012:14:24:05.568000",0.003724,0.004116
1,0.01854,0.04187,0.02807,0.08161,"5",0.0276,0,0,0,0,187,1,2100000,0,0,0,0,141846.93,0,0.7402,0,546043.96,0,0,0,"09SEP2010:12:44:10.675000",0,0
1,0.00436,0.12348,0.01645,0.05158,"6-",0.0834,5640.69,163000,0.01965,0.02829,266,21,1600000,0,0,0,1,52975,0,0.8022,0,267823.39,163000,122250,0,"27JUL2012:10:35:37.612000",0.001639,0.00236
1,0.03471,0.13687,0.034,0.08756,"6",0.0628,0,297000,0.01578,0.02456,233,0,3800000,0,0,0,1,107244.88,107244.88,0.9039,0.9039,1116412.04,297000,237600,0,"13NOV2012:12:14:36.954000",0.000991,0.001542
1,0.05444,0.14147,0.06802,0.0364,"6+",0.0473,3266.1,65000,0.0308,0.03886,168,0,8509661.68,0,0,0,1,22354.46,0,0.9537,0,482971.88,65000,54166.67,0,"11AUG2011:09:23:17.480000",0.001457,0.001838
1,0.0628,0.06481,0,0.09219,"6",0.0628,0,8618.49,0.31797,0.32753,225,0,10798895.16,0,0,0,1,28881.23,7842.83,0.0262,0.09,29657,8618.49,861.85,0,"21JUL2015:14:50:35.004000",0.019968,0.020569
1,0.05119,0.01279,0,0.01305,"4+",0.012,0,0,0,0,0,41,0,0,0,0,0,315320.79,315320.79,0.8806,0.8806,3500000,0,0,0,"13APR2016:14:47:40.698000",0,0
1,0.05302,0.23678,0.0523,0.12808,"7+",0.1101,870.45,28000,0.20607,0.26212,241,31,0,0,0,0,1,81907.21,80683.55,0.7537,0.741,332502.96,28000,19600,0,"19DEC2013:13:25:18.944000",0.022689,0.02886
1,0.01369,0.09436,0,0.07536,"4+",0.012,7459.5,330000,0.16575,0.2019,211,0,3e+06,0,0,0,1,85249.18,0,0.8045,0,436048.78,0,0,0,"31OCT2016:15:41:22.180000",0.001989,0.002423
1,0.089,0.091,0.02564,0.04253,"6",0.0628,10068.13,283300,0.02541,0.039,119,11,450000,0,0,0,1,310684.33,0,0.6563,0,903838.95,283300,226725,0,"15APR2010:16:28:15.659000",0.001596,0.002449
1,0.08648,0.16213,0.02166,0.04015,"6",0.0628,3605.02,140550,0.03197,0.04115,249,11,1500000,0,0,0,1,102202.91,0,0.8619,0,739807.41,140550,105412.5,0,"01MAR2012:11:31:44.569000",0.002008,0.002584
1,0.05346,0.00854,0,0.05786,"5",0.0276,0,0,0,0,279,21,0,0,0,0,0,0,0,1.6667,0,250000.01,0,0,0,"25NOV2016:12:33:09.252000",0,0
1,0.02617,0.03621,0,0.05012,"5+",0.0217,0,0,0,0,213,21,0,0,0,0,0,852680.01,0,0.5837,0,2500000,0,0,0,"02NOV2015:16:35:44.211000",0,0
1,0.03656,0.23678,0.0809,0.15957,"7",0.1443,0,0,0,0,269,0,0,0,0,0,0,385046.21,356155.45,0.5937,0.5934,2380000,0,0,0,"07APR2014:08:40:09.147000",0,0
1,0.01468,0.09471,0.1241,0.16024,"6",0.0628,6980.96,309228.07,0.14031,0.19232,291,21,560000,0,0,0,1,158430.92,0,0.7429,0,616258.7,309228.07,0,0,"31JAN2014:15:01:55.459000",0.008811,0.012078
1,0.0489,0.06221,0,0.06533,"6-",0.0834,8192.27,322863.73,0.09287,0.1227,266,1,21500000,0,0,0,1,6095079.13,1647333.95,0.4066,0.3925,10271222.03,0,0,0,"10FEB2017:10:44:15.785000",0.007745,0.010233
1,0.0208,0.0039,0.01355,0.01266,"3-",0.0101,0,0,0,0,239,31,4500000,0,0,0,0,103859.48,0,0.8169,0,1e+06,0,0,0,"01MAR2016:09:22:55.048000",0,0
1,0.08866,0.00847,0,0.06185,"3-",0.0101,0,0,0,0,266,1,6749556.89,0,0,0,0,248142.13,248142.13,0.853,0.853,2250000,0,0,0,"17MAR2016:08:45:43.845000",0,0
1,0.04197,0.0704,0.09745,0.03609,"6+",0.0473,6264.95,150000,0.05895,0.07115,168,41,3900000,0,0,0,1,183513.21,0,0.4026,0,307163.47,150000,0,0,"10DEC2010:12:03:08.577000",0.002788,0.003365
1,0.00551,0.05244,0.06392,0.0923,"5+",0.0217,0,0,0,0,291,21,3400000,0,0,0,0,139005.26,0,0.7527,0,1100000,0,0,0,"24OCT2011:16:13:11.799000",0,0
1,0.05649,0.01649,0.01194,0.04564,"4+",0.012,9310.79,205000,0.12117,0.16192,266,1,2933500,0,0,0,1,94968.25,0,0.7433,0,370026.75,205000,153750,0,"04AUG2016:15:16:37.741000",0.001454,0.001943
1,0.03916,0.17548,0.04309,0.09063,"6+",0.0473,375.15,110000,0.04102,0.04822,210,31,0,0,0,0,1,75442.23,0,0.7465,0,297614.27,110000,81256,0,"12SEP2013:17:08:35.922000",0.00194,0.002281
1,0.07851,0.05651,0.02564,0.1229,"6+",0.0473,11581.71,165000,0.03681,0.04248,266,1,6e+05,0,0,0,1,68739.19,0,0.8615,0,512900,165000,132000,0,"30JUL2013:14:23:16.712000",0.001741,0.002009
1,0.01884,0.18389,0.07524,0.03683,"6+",0.0473,274.22,8750,0.03797,0.05186,168,0,4000,0,0,0,1,183140.28,66472.61,0.8415,0.9169,1155804.59,8750,6562.5,0,"02AUG2011:11:20:21.960000",0.001796,0.002453
1,0.03263,0.17128,0.0254,0.01822,"4",0.0144,6105.37,80773.63,0.07948,0.08358,226,11,11500000,0,0,0,1,1642806.38,130634.34,0.2033,0.2868,2061905.25,80773.63,0,0,"05JUL2013:10:56:33.859000",0.001145,0.001204
1,0.08952,0.09471,0.08792,0.06557,"7",0.1443,1103.26,40000,0.15201,0.20121,288,41,4600000,0,0,0,1,115167.02,7133.39,0.9155,0.9557,1500000,40000,30000,0,"28JUL2014:08:09:55.603000",0.021935,0.029034
1,0.01727,0.01262,0,0.05694,"4",0.0144,1878.16,51500,0.16169,0.21984,218,21,1375000,0,0,0,1,171839.84,0,0.7317,0,640455.35,51500,36050,0,"07FEB2017:08:33:49.916000",0.002328,0.003166
1,0.04157,0.07598,0.0129,0.1022,"6+",0.0473,854.45,21569.8,0.04098,0.05349,187,1,2020000,0,0,0,1,80119.18,0,0.8045,0,409723.71,21569.8,11863.39,0,"29OCT2010:09:33:53.685000",0.001938,0.00253
1,0.08015,0.1706,0.04561,0.10464,"6-",0.0834,5703.38,146813,0.04712,0.05406,196,11,4200000,0,0,0,1,495166.27,0,0.5589,0,1122666.04,146813,106369.1,0,"25JAN2013:14:46:20.820000",0.00393,0.004509
1,0.00401,0.05244,0.06336,0.10246,"5",0.0276,0,0,0,0,213,21,2100000,0,0,0,0,148869.99,0,0.7868,0,2e+06,0,0,0,"29DEC2011:11:29:23.983000",0,0
1,0.01789,0.09471,0.03852,0.05168,"6-",0.0834,0,185900,0.04388,0.04892,272,31,2500000,0,0,0,1,149792.5,149792.5,0.7234,0.7234,541501.63,185900,139425,0,"23SEP2013:13:37:14.571000",0.00366,0.00408
1,0.04581,0.19514,0.10448,0.11631,"7+",0.1101,3719.04,90900,0.0323,0.04061,196,31,3800000,0,0,0,1,110771.92,0,0.6515,0,317895.31,90900,63630,0,"19APR2011:15:00:58.280000",0.003556,0.004471
1,0.08366,0.2673,0.09175,0.06262,"7+",0.1101,24982.38,374000,0.07576,0.09938,201,31,0,0,0,0,1,0,0,1.0668,0,1002152.03,374000,330000,0,"22JAN2014:15:01:12.326000",0.008341,0.010941
1,0.0628,0.10977,0,0.07844,"7-",0.1872,682.74,15752.72,0.30122,0.31993,211,21,0,0,0,0,1,1856242.31,44300.01,0.0439,0.031,2600000,15752.72,1575.27,0,"01APR2016:09:41:32.300000",0.056388,0.05989
1,0.03194,0.09471,0.02499,0.09627,"6",0.0628,0,0,0,0,187,1,0,0,0,0,0,131096.87,0,0.5267,0,750000,0,0,0,"24JUL2012:09:12:21.407000",0,0
1,0.01076,0.09471,0.06459,0.05582,"7+",0.1101,0,0,0,0,247,21,1900000,0,0,0,0,139724.37,0,0.7043,0,472550.1,0,0,0,"04JAN2012:09:34:59.976000",0,0
1,0.03104,0.07985,0.08185,0.06231,"7+",0.1101,0,0,0,0,218,21,4e+06,0,0,0,0,0,0,0,0,590000,0,0,0,"11SEP2012:15:52:24.752000",0,0
1,0.04173,0.13849,0.13612,0.0425,"6",0.0628,1608.83,53900.58,0.04098,0.05349,201,21,0,0,0,0,1,206109.06,27219.79,0.4225,0.5984,750000,53900.58,29645.32,0,"27JUN2011:13:44:42.874000",0.002574,0.003359
1,0.07741,0.03154,0.0863,0.06275,"7+",0.1101,1021.81,35000,0.08112,0.08731,202,21,46215641.55,0,0,0,1,16100,0,0.9902,1.3344,1644913.53,35000,21000,0,"01JUN2011:16:10:24.052000",0.008931,0.009613
1,0.03419,0.14421,0.08713,0.09985,"7+",0.1101,1032.03,175000,0.0345,0.04553,214,0,1.8e+07,1,0,0,1,145220.14,145220.14,0.9014,0.8971,1473092.32,175000,131250,0,"21DEC2011:10:33:11.361000",0.003798,0.005013
1,0.01657,0.09471,0.03353,0.04989,"6-",0.0834,0,0,0,0,211,31,1850000,0,0,0,0,0,0,0,0,6e+05,0,0,0,"01APR2014:14:34:40.672000",0,0
1,0.03104,0.07985,0.08185,0.06231,"7+",0.1101,0,0,0,0,218,31,4e+06,0,0,0,0,0,0,0,0,590000,0,0,0,"11SEP2012:15:52:24.752000",0,0
1,0.08068,0.09471,0.04593,0.15078,"7+",0.1101,0,0,0,0,266,1,2700000,0,0,0,0,0,0,0,0,1300000,0,0,0,"12NOV2013:15:43:33.835000",0,0
1,0.02309,0.16744,0.0566,0.08522,"6",0.0628,14947.92,490000,0.0406,0.04898,196,11,-2,0,0,0,1,53900,0,0.89,0,490000,490000,343000,0,"29DEC2010:15:03:01.071000",0.00255,0.003076
1,0.09781,0.2673,0.04657,0.07103,"7",0.1443,5672.24,170000,0.26115,0.29289,205,11,1900000,0,0,0,1,34131.84,0,0.8899,0,338511.42,170000,132600,0,"10OCT2014:10:11:11.892000",0.037683,0.042265
1,0.05513,0.05642,0.04746,0.11396,"6+",0.0473,1316.44,43000,0.12368,0.15547,266,1,4e+06,0,0,0,1,245608.75,64562.62,0.2935,0.4753,347623.51,43000,21500,0,"28MAR2014:08:35:29.008000",0.00585,0.007354
1,0.1181,0.15336,0.10841,0.05186,"6-",0.0834,0,0,0,0,201,21,409951274.82,0,0,0,0,0,0,0,0,5e+07,0,0,0,"09MAY2014:11:47:17.269000",0,0
1,0.01931,0.09471,0.06372,0.05876,"7+",0.1101,0,0,0,0,244,21,1e+07,0,0,0,0,0,0,0,0,7e+05,0,0,0,"13AUG2013:12:08:58.786000",0,0
1,0.1243,0.10093,0.04912,0.06445,"7",0.1443,1983.79,57600,0.13565,0.18055,201,11,9e+06,0,0,0,1,140335.88,88641.94,0.6969,0.6303,463018.94,57600,34785,0,"27APR2016:10:05:01.754000",0.019574,0.026054
1,0.07703,0.07401,0.02564,0.12237,"6",0.0628,0,0,0,0,187,1,750000,0,0,0,0,68976.98,0,0.7938,0,334487.12,0,0,0,"09DEC2010:12:07:13.923000",0,0
1,0.04716,0.1319,0.12857,0.11421,"7+",0.1101,815.35,84031.27,0.02798,0.01413,249,31,7900000,0,0,0,1,233655.42,233655.42,0.6959,0.6959,768377.15,84031.27,63023.45,0,"06DEC2010:16:38:04.103000",0.003081,0.001556
1,0.09371,0.00657,0,0.06529,"6+",0.0473,7213.06,275000,0.04506,0.07081,266,1,0,0,0,0,1,20525,20525,0.9254,0.9254,275000,0,0,0,"18DEC2015:11:28:53.179000",0.002131,0.003349
1,0.02666,0.22163,0.03174,0.13997,"6-",0.0834,0,0,0,0,335,0,0,0,0,0,1,70176.65,70176.65,0.7744,0.7744,311056.64,43340,28378.5,0,"28JUL2010:14:51:07.549000",0,0
1,0.06089,0.0155,0.05685,0.06886,"6+",0.0473,0,0,0,0,242,21,0,0,0,0,0,0,0,24.4875,0,1300000,0,0,0,"22DEC2016:10:52:46.277000",0,0
1,0.00767,0.05769,0.02981,0.0416,"5+",0.0217,2331.59,57250,0.16722,0.22481,213,21,2900000,0,0,0,1,31266.37,0,0.9151,0,368061.02,57250,40075,0,"18AUG2016:09:20:59.711000",0.003629,0.004878
1,0.00607,0.03991,0,0.02677,"4+",0.012,20131.7,520000,0.0061,0.0061,251,0,0,0,0,0,1,92829.95,0,0.9102,0,1033585.97,0,0,0,"27FEB2017:15:53:25.447000",7.3e-05,7.3e-05
1,0.00767,0.05769,0.02981,0.02208,"5+",0.0217,2331.59,57250,0.16722,0.22481,211,21,2900000,0,0,0,1,31266.37,0,0.9151,0,368061.02,57250,40075,0,"18AUG2016:09:20:59.711000",0.003629,0.004878
1,0.00864,0.21375,0.06171,0.02829,"5",0.0276,5075.95,125000,0.05586,0.06825,168,11,2700000,0,0,0,1,101783.88,64098.22,0.8412,0.871,641078.01,125000,0,0,"08MAR2010:10:27:07.805000",0.001542,0.001884
1,0.07402,0.01169,0,0.01596,"4",0.0144,0,0,0,0,163,41,12500000,0,0,0,0,0,0,1.4056,0,5e+05,0,0,0,"04MAY2016:13:07:16.458000",0,0
1,0.04085,0.19451,0.11549,0.06236,"7+",0.1101,611.39,19831.93,0.03814,0.04293,168,1,1460269,0,0,0,1,225475.87,20874.02,0.8328,0.3907,2200000,19831.93,14873.95,0,"12APR2012:12:36:09.046000",0.0042,0.004727
1,0.00823,0.12523,0.12048,0.1477,"7+",0.1101,722.39,4103.75,0.11133,0.1115,241,21,62270745.52,0,0,0,1,278217.03,73642.27,0.63,0.0055,752016.2,4103.75,410.37,0,"05DEC2011:09:47:22.807000",0.012257,0.012276
1,0.0579,0.20977,0.10342,0.05637,"7+",0.1101,0,0,0,0,168,11,1.1e+07,0,0,0,0,10616.04,10616.04,0.9139,0.9139,6e+05,0,0,0,"06JUN2013:16:40:41.897000",0,0
1,0.02494,0.05642,0.03854,0.04012,"6",0.0628,3782.41,93899,0.04126,0.05067,214,31,0,0,0,0,1,39216.93,39216.93,0.9599,0.9599,978121.04,93899,68712.05,0,"25JAN2013:09:09:14.566000",0.002591,0.003182
1,0.00743,0.05668,0,0.05982,"5",0.0276,0,0,0,0,246,21,450000,0,0,0,1,0,0,1.0978,1.1296,918284.85,9000,7500,0,"07APR2010:07:16:28.140000",0,0
1,0.08027,0.28256,0.04693,0.06281,"7+",0.1101,1463.39,25000,0.07158,0.07913,256,11,5e+06,0,0,0,1,0,0,1.1406,0,385790.42,25000,0,0,"04DEC2009:11:44:47.132000",0.007881,0.008712
1,0.06682,0.02008,0,0.01799,"4",0.0144,0,0,0,0,225,21,4e+06,0,0,0,0,0,0,0,0,350000,0,0,0,"07OCT2015:13:19:45.478000",0,0
1,0.07394,0.09471,0,0.06193,"7+",0.1101,0,0,0,0,182,41,5571109.9,0,0,0,0,0,0,0,0,3e+05,0,0,0,"25NOV2015:11:34:16.329000",0,0
1,0.01516,0.13707,0.02806,0.11456,"6+",0.0473,5090.5,113875.19,0.04737,0.04701,215,0,0,0,0,0,1,68722.39,0,0.8425,0,436256.97,113875.19,0,0,"14FEB2013:17:15:37.916000",0.002241,0.002224
1,0.03401,0.03766,0.01643,0.07935,"5",0.0276,11352.27,221241.58,0.19101,0.18889,282,0,4550000,0,0,0,1,138707.34,74178.92,0.8277,0.8197,804844.27,221241.58,132947.75,0,"08DEC2015:09:11:25.076000",0.005272,0.005213
1,0.03051,0.08976,0.0797,0.08034,"6-",0.0834,416.46,15100,0.12054,0.09794,213,31,6050000,0,0,0,1,0,0,1,1,334976.39,0,0,0,"15MAR2016:13:30:33.060000",0.010053,0.008168
1,0.00291,0.04619,0.03228,0.0316,"4",0.0144,804.13,26390,0.03792,0.0412,213,21,9e+06,0,0,0,1,0,0,1.0613,0,508099.15,26390,14514.5,0,"22MAR2010:13:30:36.414000",0.000546,0.000593
0,0.11162,0.03616,0.04434,0.03664,"6+",0.0473,7700.6,179000,0.15471,0.21244,253,41,3e+06,0,0,0,1,102409.11,0,0.7831,0,472250.26,179000,134250,0,"22JUL2016:12:52:53.065000",0.007318,0.010049
0,0.03516,0.01497,0,0.02527,"5",0.0276,0,0,0,0,193,21,2500000,0,0,0,0,0,0,0,0,5e+05,0,0,0,"07JUN2016:15:11:14.376000",0,0
0,0.09818,0.23678,0.08868,0.14699,"7+",0.1101,0,0,0,0,226,31,1e+07,0,0,0,0,87436.31,87436.31,0.6997,0.6997,406000,0,0,0,"23OCT2014:10:18:48.928000",0,0
0,0.00688,0.21609,0.06293,0.1109,"6",0.0628,0,0,0,0,241,21,1810905.71,0,0,0,0,560506.56,207029.61,0.6602,0.6783,3e+06,0,0,0,"12AUG2011:14:38:40.436000",0,0
0,0.04388,0.03616,0.02702,0.03664,"6+",0.0473,7700.6,179000,0.15471,0.21244,253,21,3e+06,0,0,0,1,102409.11,0,0.7831,0,472250.26,179000,134250,0,"22JUL2016:12:52:53.065000",0.007318,0.010049
0,0.00851,0.06755,0.03109,0.03623,"6+",0.0473,1133.42,28740,0.04468,0.05403,224,31,1860020.17,0,0,0,1,76874.38,0,0.6553,0,298935.02,28740,19190,0,"02MAR2012:11:05:31.898000",0.002113,0.002556
0,0.07697,0.06605,0.12066,0.02631,"5",0.0276,0,90000,0.09447,0.10113,225,21,5.5e+07,0,0,0,1,117282.79,117282.81,0.8266,0.8266,676286.05,90000,9000,0,"30MAR2010:16:38:19.341000",0.002607,0.002791
0,0.105,0.09471,0.0512,0.08721,"7-",0.1872,16729.54,310000,0.04466,0.04667,265,31,130000,0,0,0,1,3100,0,0.9882,0,310000,310000,0,0,"28MAR2013:12:54:49.306000",0.008359,0.008737
0,0.0628,0.28256,0,0.16701,"7-",0.1872,7264.62,205000,0.10715,0.15863,206,0,0,0,0,0,1,63407.62,0,0.8351,0,384609.63,205000,153750,0,"09MAR2015:16:05:39.012000",0.020059,0.029695
0,0.0628,0.28256,0,0.07844,"7-",0.1872,7264.62,205000,0.10715,0.15863,168,11,0,0,0,0,1,63407.62,0,0.8351,0,384609.63,205000,153750,0,"09MAR2015:16:05:39.012000",0.020059,0.029695
0,0.0628,0.09471,0,0.07844,"7-",0.1872,10652.47,271000,0.04765,0.09385,209,31,0,0,0,0,1,54964.68,54964.68,0.8596,0.8596,391408.78,271000,243750,0,"15APR2015:16:39:51.353000",0.00892,0.01757
0,0.08488,0.04594,0,0.02527,"5",0.0276,0,0,0,0,260,11,2500000,0,0,0,0,0,0,0,0,5e+05,0,0,0,"07JUN2016:15:11:14.376000",0,0
0,0.07406,0.26942,0.16408,0.07424,"7",0.1443,15842.44,3e+05,0.0442,0.04955,201,21,-1,0,0,0,1,33000,0,0.89,0,3e+05,3e+05,210000,0,"06JUL2012:11:18:46.670000",0.006378,0.00715
0,0.05384,0.03341,0.08713,0.05494,"7+",0.1101,0,0,0,0,229,21,6e+07,0,0,0,0,0,0,0,0,5e+05,0,0,0,"05MAY2010:13:23:57.044000",0,0
0,0.04189,0.01558,0,0.029,"5-",0.0359,2308.75,25000,0.18766,0.20294,214,21,0,0,0,0,1,72914,9250,0.9303,0.63,1046344.68,25000,17500,0,"08JUN2016:13:11:07.091000",0.006737,0.007286
0,0.04102,0.12523,0.034,0.07035,"7",0.1443,3818.92,434000,0.0911,0.07629,244,21,14300000,1,0,0,1,90932.78,0,0.9146,1.0055,1302832.08,434000,338520,0,"27MAR2014:12:01:15.857000",0.013146,0.011008
0,0.02466,0.0704,0.11082,0.04578,"6",0.0628,619.77,80000,0.01437,0.00832,0,41,5500000,0,0,0,1,26216.57,0,0.8158,0,142361.83,80000,66375,0,"09OCT2012:10:05:58.395000",0.000903,0.000522
0,0.07672,0.28256,0,0.07844,"7-",0.1872,7264.62,205000,0.10715,0.15863,214,11,0,0,0,0,1,63407.62,0,0.8351,0,384609.63,205000,153750,0,"09MAR2015:16:05:39.012000",0.020059,0.029695
0,0.12902,0.12657,0.11696,0.06765,"7",0.1443,1082.31,3998.4,0.10438,0.1098,284,11,1550000,0,0,0,1,50741.88,0,0.8228,0,286310.37,3998.4,0,0,"20JAN2011:12:00:41.338000",0.015063,0.015845
0,0.00299,0.03341,0.0512,0.02678,"5",0.0276,0,0,0,0,174,21,2.3e+07,0,0,0,0,0,0,0,0,450000,0,0,0,"21JUN2010:15:11:39.716000",0,0
0,0.08935,0.02354,0,0.05291,"5+",0.0217,1726.51,28250,0.25869,0.31701,226,11,0,0,0,0,1,132142.65,0,0.698,0,437487.21,28250,0,0,"04MAR2016:10:12:38.189000",0.005614,0.006879
0,0.03516,0.04594,0,0.06557,"5",0.0276,0,0,0,0,213,21,2500000,0,0,0,0,0,0,0,0,5e+05,0,0,0,"07JUN2016:15:11:14.376000",0,0
0,0.04424,0.05642,0.11696,0.06765,"7",0.1443,1082.31,3998.4,0.10438,0.1098,284,31,1550000,0,0,0,1,50741.88,0,0.8228,0,286310.37,3998.4,0,0,"20JAN2011:12:00:41.338000",0.015063,0.015845
0,0.02387,0.0322,0.05072,0.0233,"5+",0.0217,10397.97,325968,0.12128,0.14956,211,21,0,0,0,0,1,131353.5,131353.5,0.597,0.597,325968,325968,0,0,"01FEB2017:11:40:30.183000",0.002632,0.003245
0,0.02441,0.19693,0.10396,0.05035,"6-",0.0834,365.38,26400,0.02658,0.03949,168,0,1200000,0,0,0,1,192007.74,177469.05,0.7256,0.7279,699619.54,26400,22184.87,0,"28JUL2011:14:47:47.803000",0.002217,0.003294
0,0.105,0.09471,0.0512,0.08721,"7-",0.1872,16729.54,310000,0.04466,0.04667,265,31,130000,0,0,0,1,3100,0,0.9882,0,310000,310000,0,0,"28MAR2013:12:54:49.306000",0.008359,0.008737
0,0.02726,0.02325,0.12066,0.08429,"5",0.0276,0,90000,0.09447,0.10113,260,21,5.5e+07,0,0,0,1,117282.79,117282.81,0.8266,0.8266,676286.05,90000,9000,0,"30MAR2010:16:38:19.341000",0.002607,0.002791
0,0.04388,0.03616,0.02702,0.03664,"6+",0.0473,7700.6,179000,0.15471,0.21244,294,31,3e+06,0,0,0,1,102409.11,0,0.7831,0,472250.26,179000,134250,0,"22JUL2016:12:52:53.065000",0.007318,0.010049
0,0.12174,0.09471,0,0.07844,"7-",0.1872,10652.47,271000,0.04765,0.09385,229,41,0,0,0,0,1,54964.68,54964.68,0.8596,0.8596,391408.78,271000,243750,0,"15APR2015:16:39:51.353000",0.00892,0.01757
0,0.01154,0.11963,0.04693,0.08801,"6-",0.0834,0,0,0,0,298,0,1800000,0,0,0,1,18156.98,0,0.907,0,195331.31,110000,88000,0,"19MAR2010:10:39:29.540000",0,0
0,0.07406,0.26942,0.16408,0.16975,"7",0.1443,15842.44,3e+05,0.0442,0.04955,196,11,-1,0,0,0,1,33000,0,0.89,0,3e+05,3e+05,210000,0,"06JUL2012:11:18:46.670000",0.006378,0.00715
0,0.02674,0.05302,0.04114,0.04021,"6",0.0628,0,0,0,0,217,31,14211130.75,0,0,0,0,2136745.4,2136745.4,5e-04,5e-04,9310000,0,0,0,"22NOV2012:12:57:30.312000",0,0
0,0.00688,0.07985,0.02867,0.03954,"6",0.0628,0,0,0,0,197,21,1810905.71,0,0,0,0,560506.56,207029.61,0.6602,0.6783,3e+06,0,0,0,"12AUG2011:14:38:40.436000",0,0
0,0.0628,0.09471,0,0.07844,"7-",0.1872,7264.62,205000,0.10715,0.15863,205,31,0,0,0,0,1,63407.62,0,0.8351,0,384609.63,205000,153750,0,"09MAR2015:16:05:39.012000",0.020059,0.029695
0,0.04388,0.08402,0.04434,0.03664,"6+",0.0473,7700.6,179000,0.15471,0.21244,211,21,3e+06,0,0,0,1,102409.11,0,0.7831,0,472250.26,179000,134250,0,"22JUL2016:12:52:53.065000",0.007318,0.010049
0,0.0628,0.09471,0,0.07844,"7-",0.1872,3493.39,123000,0.02494,0.03423,0,31,0,0,0,0,1,54980.27,0,0.8231,0,321334.5,123000,78228,0,"10SEP2012:12:14:27.790000",0.004669,0.006408
0,0.00688,0.21609,0.06293,0.03954,"6",0.0628,0,0,0,0,168,0,1810905.71,0,0,0,0,560506.56,207029.61,0.6602,0.6783,3e+06,0,0,0,"12AUG2011:14:38:40.436000",0,0
0,0.11503,0.12523,0,0.11961,"7-",0.1872,2553.6,28000,0.13754,0.15095,266,1,0,0,0,0,1,51601.18,51601.18,0.3378,0.3378,77919.94,28000,16800,0,"10FEB2016:14:15:56.907000",0.025747,0.028258
0,0.06176,0.02066,0.02623,0.04795,"5+",0.0217,10397.97,325968,0.12128,0.14956,266,1,0,0,0,0,1,131353.5,131353.5,0.597,0.597,325968,325968,0,0,"01FEB2017:11:40:30.183000",0.002632,0.003245
0,0.00299,0.03341,0.08816,0.07638,"5",0.0276,0,0,0,0,174,21,2.3e+07,0,0,0,0,0,0,0,0,450000,0,0,0,"21JUN2010:15:11:39.716000",0,0
0,0.02441,0.07401,0.0536,0.05035,"6-",0.0834,365.38,26400,0.02658,0.03949,200,21,1200000,0,0,0,1,192007.74,177469.05,0.7256,0.7279,699619.54,26400,22184.87,0,"28JUL2011:14:47:47.803000",0.002217,0.003294
0,0.0508,0.09471,0.08868,0.14699,"7+",0.1101,0,0,0,0,201,21,1e+07,0,0,0,0,87436.31,87436.31,0.6997,0.6997,406000,0,0,0,"23OCT2014:10:18:48.928000",0,0
0,0.03999,0.14574,0.16535,0.14368,"6-",0.0834,60259.84,1336666.42,0.0229,0.02298,241,31,8700000,0,0,0,1,318431.71,318431.71,0.8246,0.8246,1815125.55,1336666.42,766500,0,"22NOV2012:13:49:11.500000",0.00191,0.001917
0,0.00851,0.06755,0.03109,0.03623,"6+",0.0473,1133.42,28740,0.04468,0.05403,204,0,1860020.17,0,0,0,1,76874.38,0,0.6553,0,298935.02,28740,19190,0,"02MAR2012:11:05:31.898000",0.002113,0.002556
0,0.01468,0.0704,0.05501,0.04578,"6",0.0628,619.77,80000,0.01437,0.00832,219,21,5500000,0,0,0,1,26216.57,0,0.8158,0,142361.83,80000,66375,0,"09OCT2012:10:05:58.395000",0.000903,0.000522
0,0.03999,0.14574,0.16535,0.04923,"6-",0.0834,60259.84,1336666.42,0.0229,0.02298,168,1,8700000,0,0,0,1,318431.71,318431.71,0.8246,0.8246,1815125.55,1336666.42,766500,0,"22NOV2012:13:49:11.500000",0.00191,0.001917
0,0.0673,0.19104,0.09165,0.11941,"7",0.1443,3818.92,434000,0.0911,0.07629,210,21,14300000,1,0,0,1,90932.78,0,0.9146,1.0055,1302832.08,434000,338520,0,"27MAR2014:12:01:15.857000",0.013146,0.011008
0,0.04189,0.05106,0,0.07123,"5-",0.0359,2308.75,25000,0.18766,0.20294,213,21,0,0,0,0,1,72914,9250,0.9303,0.63,1046344.68,25000,17500,0,"08JUN2016:13:11:07.091000",0.006737,0.007286
0,0.05384,0.03341,0.08713,0.05494,"7+",0.1101,0,0,0,0,229,21,6e+07,0,0,0,0,0,0,0,0,5e+05,0,0,0,"05MAY2010:13:23:57.044000",0,0
0,0.05275,0.14825,0.07271,0.09328,"6",0.0628,42950.61,695000,0.01468,0.02762,170,11,13028000,0,0,0,1,3693729.05,312750,0.6915,0.55,11971725.82,695000,382250,0,"02MAY2013:09:04:07.451000",0.000922,0.001735
0,0.0508,0.09471,0.03422,0.06273,"7+",0.1101,0,0,0,0,231,31,1e+07,0,0,0,0,87436.31,87436.31,0.6997,0.6997,406000,0,0,0,"23OCT2014:10:18:48.928000",0,0
0,0.02726,0.06605,0.12066,0.08429,"5",0.0276,0,90000,0.09447,0.10113,213,21,5.5e+07,0,0,0,1,117282.79,117282.81,0.8266,0.8266,676286.05,90000,9000,0,"30MAR2010:16:38:19.341000",0.002607,0.002791
0,0.02441,0.07401,0.10396,0.1148,"6-",0.0834,365.38,26400,0.02658,0.03949,269,21,1200000,0,0,0,1,192007.74,177469.05,0.7256,0.7279,699619.54,26400,22184.87,0,"28JUL2011:14:47:47.803000",0.002217,0.003294
0,0.04189,0.05106,0,0.07123,"5-",0.0359,2308.75,25000,0.18766,0.20294,232,0,0,0,0,0,1,72914,9250,0.9303,0.63,1046344.68,25000,17500,0,"08JUN2016:13:11:07.091000",0.006737,0.007286
0,0.03516,0.04594,0,0.02527,"5",0.0276,0,0,0,0,211,21,2500000,0,0,0,0,0,0,0,0,5e+05,0,0,0,"07JUN2016:15:11:14.376000",0,0
0,0.0628,0.09471,0,0.07844,"7-",0.1872,7264.62,205000,0.10715,0.15863,0,0,0,0,0,0,1,63407.62,0,0.8351,0,384609.63,205000,153750,0,"09MAR2015:16:05:39.012000",0.020059,0.029695
0,0.12219,0.09471,0.13958,0.10372,"7-",0.1872,0,0,0,0,245,41,5200000,0,0,0,0,601077.52,265352.52,0.3367,0.7072,1200000,0,0,0,"22FEB2010:16:02:47.352000",0,0
0,0.00851,0.18707,0.15388,0.03623,"6+",0.0473,1133.42,28740,0.04468,0.05403,168,1,1860020.17,0,0,0,1,76874.38,0,0.6553,0,298935.02,28740,19190,0,"02MAR2012:11:05:31.898000",0.002113,0.002556
0,0.07406,0.26942,0.08713,0.07424,"7",0.1443,15842.44,3e+05,0.0442,0.04955,249,11,-1,0,0,0,1,33000,0,0.89,0,3e+05,3e+05,210000,0,"06JUL2012:11:18:46.670000",0.006378,0.00715
0,0.0673,0.12523,0.09165,0.07035,"7",0.1443,3818.92,434000,0.0911,0.07629,232,41,14300000,1,0,0,1,90932.78,0,0.9146,1.0055,1302832.08,434000,338520,0,"27MAR2014:12:01:15.857000",0.013146,0.011008
0,0.14977,0.09471,0,0.07844,"7-",0.1872,3493.39,123000,0.02494,0.03423,222,41,0,0,0,0,1,54980.27,0,0.8231,0,321334.5,123000,78228,0,"10SEP2012:12:14:27.790000",0.004669,0.006408
0,0.07697,0.06605,0.12066,0.08429,"5",0.0276,0,90000,0.09447,0.10113,226,41,5.5e+07,0,0,0,1,117282.79,117282.81,0.8266,0.8266,676286.05,90000,9000,0,"30MAR2010:16:38:19.341000",0.002607,0.002791
0,0.00851,0.18707,0.03109,0.14421,"6+",0.0473,1133.42,28740,0.04468,0.05403,257,0,1860020.17,0,0,0,1,76874.38,0,0.6553,0,298935.02,28740,19190,0,"02MAR2012:11:05:31.898000",0.002113,0.002556
0,0.04102,0.19104,0.09165,0.07035,"7",0.1443,3818.92,434000,0.0911,0.07629,168,11,14300000,1,0,0,1,90932.78,0,0.9146,1.0055,1302832.08,434000,338520,0,"27MAR2014:12:01:15.857000",0.013146,0.011008
0,0.04569,0.05302,0.04114,0.09682,"6",0.0628,0,0,0,0,187,1,14211130.75,0,0,0,0,2136745.4,2136745.4,5e-04,5e-04,9310000,0,0,0,"22NOV2012:12:57:30.312000",0,0
0,0.08509,0.2673,0.14563,0.16825,"7",0.1443,9992.49,362927.9,0.06278,0.06371,226,41,-2,0,0,0,1,71669.79,71669.79,0.961,0.961,1887746.59,362927.9,240800,0,"21AUG2014:11:12:00.539000",0.009059,0.009194
0,0.08781,0.05106,0,0.029,"5-",0.0359,2308.75,25000,0.18766,0.20294,250,11,0,0,0,0,1,72914,9250,0.9303,0.63,1046344.68,25000,17500,0,"08JUN2016:13:11:07.091000",0.006737,0.007286
0,0.0628,0.09471,0,0.07844,"7-",0.1872,3493.39,123000,0.02494,0.03423,269,0,0,0,0,0,1,54980.27,0,0.8231,0,321334.5,123000,78228,0,"10SEP2012:12:14:27.790000",0.004669,0.006408
0,0.0628,0.2673,0,0.18639,"7-",0.1872,10652.47,271000,0.04765,0.09385,192,0,0,0,0,0,1,54964.68,54964.68,0.8596,0.8596,391408.78,271000,243750,0,"15APR2015:16:39:51.353000",0.00892,0.01757
0,0.01121,0.14825,0.07271,0.04126,"6",0.0628,42950.61,695000,0.01468,0.02762,168,1,13028000,0,0,0,1,3693729.05,312750,0.6915,0.55,11971725.82,695000,382250,0,"02MAY2013:09:04:07.451000",0.000922,0.001735
0,0.08935,0.01101,0,0.02434,"5+",0.0217,1726.51,28250,0.25869,0.31701,236,41,0,0,0,0,1,132142.65,0,0.698,0,437487.21,28250,0,0,"04MAR2016:10:12:38.189000",0.005614,0.006879
0,0.06176,0.0322,0.02623,0.0233,"5+",0.0217,10397.97,325968,0.12128,0.14956,273,11,0,0,0,0,1,131353.5,131353.5,0.597,0.597,325968,325968,0,0,"01FEB2017:11:40:30.183000",0.002632,0.003245
0,0.08488,0.04594,0,0.02527,"5",0.0276,0,0,0,0,225,21,2500000,0,0,0,0,0,0,0,0,5e+05,0,0,0,"07JUN2016:15:11:14.376000",0,0
0,0.02387,0.02066,0.05072,0.04795,"5+",0.0217,10397.97,325968,0.12128,0.14956,226,21,0,0,0,0,1,131353.5,131353.5,0.597,0.597,325968,325968,0,0,"01FEB2017:11:40:30.183000",0.002632,0.003245
0,0.0628,0.13591,0,0.11961,"7-",0.1872,2553.6,28000,0.13754,0.15095,187,0,0,0,0,0,1,51601.18,51601.18,0.3378,0.3378,77919.94,28000,16800,0,"10FEB2016:14:15:56.907000",0.025747,0.028258
0,0.04388,0.08402,0.02702,0.08392,"6+",0.0473,7700.6,179000,0.15471,0.21244,213,0,3e+06,0,0,0,1,102409.11,0,0.7831,0,472250.26,179000,134250,0,"22JUL2016:12:52:53.065000",0.007318,0.010049
0,0.02644,0.11804,0.0512,0.02678,"5",0.0276,0,0,0,0,174,11,2.3e+07,0,0,0,0,0,0,0,0,450000,0,0,0,"21JUN2010:15:11:39.716000",0,0
0,0.05384,0.1015,0.08713,0.10662,"7+",0.1101,0,0,0,0,228,0,6e+07,0,0,0,0,0,0,0,0,5e+05,0,0,0,"05MAY2010:13:23:57.044000",0,0
0,0.05235,0.18966,0.02018,0.12287,"7+",0.1101,1312.88,39010,0.0338,0.04354,192,0,4600000,0,0,0,1,33651.32,7482.46,0.8302,0.8736,198207.14,39010,29257.5,0,"16APR2013:11:23:35.906000",0.003722,0.004794
0,0.07672,0.09471,0,0.07844,"7-",0.1872,7264.62,205000,0.10715,0.15863,0,41,0,0,0,0,1,63407.62,0,0.8351,0,384609.63,205000,153750,0,"09MAR2015:16:05:39.012000",0.020059,0.029695
0,0.08935,0.01101,0,0.05291,"5+",0.0217,1726.51,28250,0.25869,0.31701,266,1,0,0,0,0,1,132142.65,0,0.698,0,437487.21,28250,0,0,"04MAR2016:10:12:38.189000",0.005614,0.006879
0,0.04085,0.09858,0.08713,0.07424,"7",0.1443,15842.44,3e+05,0.0442,0.04955,272,0,-1,0,0,0,1,33000,0,0.89,0,3e+05,3e+05,210000,0,"06JUL2012:11:18:46.670000",0.006378,0.00715
0,0.0628,0.13591,0,0.11961,"7-",0.1872,2553.6,28000,0.13754,0.15095,213,0,0,0,0,0,1,51601.18,51601.18,0.3378,0.3378,77919.94,28000,16800,0,"10FEB2016:14:15:56.907000",0.025747,0.028258
0,0.03945,0.07985,0.06293,0.03954,"6",0.0628,0,0,0,0,0,41,1810905.71,0,0,0,0,560506.56,207029.61,0.6602,0.6783,3e+06,0,0,0,"12AUG2011:14:38:40.436000",0,0
0,0.05273,0.11963,0,0.05152,"6-",0.0834,0,0,0,0,225,21,1800000,0,0,0,1,18156.98,0,0.907,0,195331.31,110000,88000,0,"19MAR2010:10:39:29.540000",0,0
0,0.00299,0.11804,0.08816,0.02678,"5",0.0276,0,0,0,0,168,0,2.3e+07,0,0,0,0,0,0,0,0,450000,0,0,0,"21JUN2010:15:11:39.716000",0,0
0,0.03892,0.2673,0.14563,0.16825,"7",0.1443,9992.49,362927.9,0.06278,0.06371,213,31,-2,0,0,0,1,71669.79,71669.79,0.961,0.961,1887746.59,362927.9,240800,0,"21AUG2014:11:12:00.539000",0.009059,0.009194
0,0.05384,0.03341,0.12874,0.10662,"7+",0.1101,0,0,0,0,276,21,6e+07,0,0,0,0,0,0,0,0,5e+05,0,0,0,"05MAY2010:13:23:57.044000",0,0
0,0.0508,0.23678,0.08868,0.14699,"7+",0.1101,0,0,0,0,213,21,1e+07,0,0,0,0,87436.31,87436.31,0.6997,0.6997,406000,0,0,0,"23OCT2014:10:18:48.928000",0,0
0,0.04189,0.01558,0,0.029,"5-",0.0359,2308.75,25000,0.18766,0.20294,170,31,0,0,0,0,1,72914,9250,0.9303,0.63,1046344.68,25000,17500,0,"08JUN2016:13:11:07.091000",0.006737,0.007286
0,0.05275,0.0704,0.07271,0.04126,"6",0.0628,42950.61,695000,0.01468,0.02762,201,41,13028000,0,0,0,1,3693729.05,312750,0.6915,0.55,11971725.82,695000,382250,0,"02MAY2013:09:04:07.451000",0.000922,0.001735
0,0.04424,0.05642,0.11696,0.06765,"7",0.1443,1082.31,3998.4,0.10438,0.1098,284,31,1550000,0,0,0,1,50741.88,0,0.8228,0,286310.37,3998.4,0,0,"20JAN2011:12:00:41.338000",0.015063,0.015845
0,0.12902,0.05642,0.20451,0.06765,"7",0.1443,1082.31,3998.4,0.10438,0.1098,196,41,1550000,0,0,0,1,50741.88,0,0.8228,0,286310.37,3998.4,0,0,"20JAN2011:12:00:41.338000",0.015063,0.015845
0,0.09619,0.1015,0.12874,0.10662,"7+",0.1101,0,0,0,0,198,31,6e+07,0,0,0,0,0,0,0,0,5e+05,0,0,0,"05MAY2010:13:23:57.044000",0,0
0,0.09619,0.1015,0.08713,0.05494,"7+",0.1101,0,0,0,0,229,11,6e+07,0,0,0,0,0,0,0,0,5e+05,0,0,0,"05MAY2010:13:23:57.044000",0,0
0,0.08509,0.12523,0.14563,0.07489,"7",0.1443,9992.49,362927.9,0.06278,0.06371,251,41,-2,0,0,0,1,71669.79,71669.79,0.961,0.961,1887746.59,362927.9,240800,0,"21AUG2014:11:12:00.539000",0.009059,0.009194
0,0.01154,0.11963,0,0.08801,"6-",0.0834,0,0,0,0,213,1,1800000,0,0,0,1,18156.98,0,0.907,0,195331.31,110000,88000,0,"19MAR2010:10:39:29.540000",0,0
0,0.02441,0.07401,0.0536,0.05035,"6-",0.0834,365.38,26400,0.02658,0.03949,196,21,1200000,0,0,0,1,192007.74,177469.05,0.7256,0.7279,699619.54,26400,22184.87,0,"28JUL2011:14:47:47.803000",0.002217,0.003294
0,0.12641,0.04187,0.07287,0.14368,"6-",0.0834,60259.84,1336666.42,0.0229,0.02298,187,1,8700000,0,0,0,1,318431.71,318431.71,0.8246,0.8246,1815125.55,1336666.42,766500,0,"22NOV2012:13:49:11.500000",0.00191,0.001917
0,0.03715,0.01101,0,0.02434,"5+",0.0217,1726.51,28250,0.25869,0.31701,187,21,0,0,0,0,1,132142.65,0,0.698,0,437487.21,28250,0,0,"04MAR2016:10:12:38.189000",0.005614,0.006879
0,0.00688,0.07985,0.02867,0.03954,"6",0.0628,0,0,0,0,206,31,1810905.71,0,0,0,0,560506.56,207029.61,0.6602,0.6783,3e+06,0,0,0,"12AUG2011:14:38:40.436000",0,0
0,0.04102,0.12523,0.034,0.07035,"7",0.1443,3818.92,434000,0.0911,0.07629,213,31,14300000,1,0,0,1,90932.78,0,0.9146,1.0055,1302832.08,434000,338520,0,"27MAR2014:12:01:15.857000",0.013146,0.011008
0,0.04085,0.26942,0.16408,0.07424,"7",0.1443,15842.44,3e+05,0.0442,0.04955,168,1,-1,0,0,0,1,33000,0,0.89,0,3e+05,3e+05,210000,0,"06JUL2012:11:18:46.670000",0.006378,0.00715
0,0.04569,0.16808,0.06815,0.09682,"6",0.0628,0,0,0,0,196,11,14211130.75,0,0,0,0,2136745.4,2136745.4,5e-04,5e-04,9310000,0,0,0,"22NOV2012:12:57:30.312000",0,0
0,0.01121,0.14825,0.07271,0.09328,"6",0.0628,42950.61,695000,0.01468,0.02762,241,21,13028000,0,0,0,1,3693729.05,312750,0.6915,0.55,11971725.82,695000,382250,0,"02MAY2013:09:04:07.451000",0.000922,0.001735
0,0.12219,0.18776,0.13958,0.10372,"7-",0.1872,0,0,0,0,201,21,5200000,0,0,0,0,601077.52,265352.52,0.3367,0.7072,1200000,0,0,0,"22FEB2010:16:02:47.352000",0,0
0,0.03715,0.01101,0,0.05291,"5+",0.0217,1726.51,28250,0.25869,0.31701,209,21,0,0,0,0,1,132142.65,0,0.698,0,437487.21,28250,0,0,"04MAR2016:10:12:38.189000",0.005614,0.006879
0,0.07697,0.06605,0.0293,0.02631,"5",0.0276,0,90000,0.09447,0.10113,224,11,5.5e+07,0,0,0,1,117282.79,117282.81,0.8266,0.8266,676286.05,90000,9000,0,"30MAR2010:16:38:19.341000",0.002607,0.002791
0,0.01468,0.0704,0.11082,0.12003,"6",0.0628,619.77,80000,0.01437,0.00832,192,21,5500000,0,0,0,1,26216.57,0,0.8158,0,142361.83,80000,66375,0,"09OCT2012:10:05:58.395000",0.000903,0.000522
0,0.05235,0.09471,0.02018,0.05966,"7+",0.1101,1312.88,39010,0.0338,0.04354,274,31,4600000,0,0,0,1,33651.32,7482.46,0.8302,0.8736,198207.14,39010,29257.5,0,"16APR2013:11:23:35.906000",0.003722,0.004794
0,0.05235,0.09471,0.10063,0.12287,"7+",0.1101,1312.88,39010,0.0338,0.04354,272,21,4600000,0,0,0,1,33651.32,7482.46,0.8302,0.8736,198207.14,39010,29257.5,0,"16APR2013:11:23:35.906000",0.003722,0.004794
0,0.05273,0.11963,0.04693,0.05152,"6-",0.0834,0,0,0,0,232,11,1800000,0,0,0,1,18156.98,0,0.907,0,195331.31,110000,88000,0,"19MAR2010:10:39:29.540000",0,0
0,0.00299,0.11804,0.08816,0.07638,"5",0.0276,0,0,0,0,246,21,2.3e+07,0,0,0,0,0,0,0,0,450000,0,0,0,"21JUN2010:15:11:39.716000",0,0
0,0.05235,0.09471,0.02018,0.05966,"7+",0.1101,1312.88,39010,0.0338,0.04354,274,31,4600000,0,0,0,1,33651.32,7482.46,0.8302,0.8736,198207.14,39010,29257.5,0,"16APR2013:11:23:35.906000",0.003722,0.004794
0,0.07672,0.28256,0,0.16701,"7-",0.1872,7264.62,205000,0.10715,0.15863,226,11,0,0,0,0,1,63407.62,0,0.8351,0,384609.63,205000,153750,0,"09MAR2015:16:05:39.012000",0.020059,0.029695
0,0.02441,0.19693,0.0536,0.1148,"6-",0.0834,365.38,26400,0.02658,0.03949,200,0,1200000,0,0,0,1,192007.74,177469.05,0.7256,0.7279,699619.54,26400,22184.87,0,"28JUL2011:14:47:47.803000",0.002217,0.003294
0,0.0508,0.09471,0.03422,0.06273,"7+",0.1101,0,0,0,0,207,21,1e+07,0,0,0,0,87436.31,87436.31,0.6997,0.6997,406000,0,0,0,"23OCT2014:10:18:48.928000",0,0
0,0.11162,0.08402,0.02702,0.03664,"6+",0.0473,7700.6,179000,0.15471,0.21244,261,11,3e+06,0,0,0,1,102409.11,0,0.7831,0,472250.26,179000,134250,0,"22JUL2016:12:52:53.065000",0.007318,0.010049
0,0.03715,0.02354,0,0.02434,"5+",0.0217,1726.51,28250,0.25869,0.31701,211,21,0,0,0,0,1,132142.65,0,0.698,0,437487.21,28250,0,0,"04MAR2016:10:12:38.189000",0.005614,0.006879
0,0.0673,0.19104,0.034,0.07035,"7",0.1443,3818.92,434000,0.0911,0.07629,219,11,14300000,1,0,0,1,90932.78,0,0.9146,1.0055,1302832.08,434000,338520,0,"27MAR2014:12:01:15.857000",0.013146,0.011008
0,0.04085,0.09858,0.16408,0.16975,"7",0.1443,15842.44,3e+05,0.0442,0.04955,193,21,-1,0,0,0,1,33000,0,0.89,0,3e+05,3e+05,210000,0,"06JUL2012:11:18:46.670000",0.006378,0.00715
0,0.08509,0.2673,0.14563,0.07489,"7",0.1443,9992.49,362927.9,0.06278,0.06371,225,21,-2,0,0,0,1,71669.79,71669.79,0.961,0.961,1887746.59,362927.9,240800,0,"21AUG2014:11:12:00.539000",0.009059,0.009194
0,0.02387,0.0322,0.02623,0.04795,"5+",0.0217,10397.97,325968,0.12128,0.14956,271,0,0,0,0,0,1,131353.5,131353.5,0.597,0.597,325968,325968,0,0,"01FEB2017:11:40:30.183000",0.002632,0.003245
0,0.11162,0.08402,0.04434,0.03664,"6+",0.0473,7700.6,179000,0.15471,0.21244,225,21,3e+06,0,0,0,1,102409.11,0,0.7831,0,472250.26,179000,134250,0,"22JUL2016:12:52:53.065000",0.007318,0.010049
0,0.02674,0.16808,0.04114,0.09682,"6",0.0628,0,0,0,0,153,0,14211130.75,0,0,0,0,2136745.4,2136745.4,5e-04,5e-04,9310000,0,0,0,"22NOV2012:12:57:30.312000",0,0
0,0.04085,0.26942,0.08713,0.16975,"7",0.1443,15842.44,3e+05,0.0442,0.04955,201,0,-1,0,0,0,1,33000,0,0.89,0,3e+05,3e+05,210000,0,"06JUL2012:11:18:46.670000",0.006378,0.00715
0,0.09818,0.23678,0.08868,0.06273,"7+",0.1101,0,0,0,0,225,21,1e+07,0,0,0,0,87436.31,87436.31,0.6997,0.6997,406000,0,0,0,"23OCT2014:10:18:48.928000",0,0
0,0.04189,0.05106,0,0.029,"5-",0.0359,2308.75,25000,0.18766,0.20294,211,21,0,0,0,0,1,72914,9250,0.9303,0.63,1046344.68,25000,17500,0,"08JUN2016:13:11:07.091000",0.006737,0.007286
0,0.04424,0.05642,0.11696,0.06765,"7",0.1443,1082.31,3998.4,0.10438,0.1098,284,31,1550000,0,0,0,1,50741.88,0,0.8228,0,286310.37,3998.4,0,0,"20JAN2011:12:00:41.338000",0.015063,0.015845
0,0.09818,0.09471,0.08868,0.06273,"7+",0.1101,0,0,0,0,190,41,1e+07,0,0,0,0,87436.31,87436.31,0.6997,0.6997,406000,0,0,0,"23OCT2014:10:18:48.928000",0,0
0,0.04569,0.16808,0.06815,0.04021,"6",0.0628,0,0,0,0,201,21,14211130.75,0,0,0,0,2136745.4,2136745.4,5e-04,5e-04,9310000,0,0,0,"22NOV2012:12:57:30.312000",0,0
0,0.03892,0.12523,0.05444,0.07489,"7",0.1443,9992.49,362927.9,0.06278,0.06371,300,31,-2,0,0,0,1,71669.79,71669.79,0.961,0.961,1887746.59,362927.9,240800,0,"21AUG2014:11:12:00.539000",0.009059,0.009194
0,0.02726,0.02325,0.0293,0.02631,"5",0.0276,0,90000,0.09447,0.10113,250,31,5.5e+07,0,0,0,1,117282.79,117282.81,0.8266,0.8266,676286.05,90000,9000,0,"30MAR2010:16:38:19.341000",0.002607,0.002791
0,0.03892,0.12523,0.05444,0.07489,"7",0.1443,9992.49,362927.9,0.06278,0.06371,282,31,-2,0,0,0,1,71669.79,71669.79,0.961,0.961,1887746.59,362927.9,240800,0,"21AUG2014:11:12:00.539000",0.009059,0.009194
0,0.12219,0.18776,0.11696,0.10372,"7-",0.1872,0,0,0,0,224,11,5200000,0,0,0,0,601077.52,265352.52,0.3367,0.7072,1200000,0,0,0,"22FEB2010:16:02:47.352000",0,0
0,0.04424,0.12657,0.20451,0.06765,"7",0.1443,1082.31,3998.4,0.10438,0.1098,168,0,1550000,0,0,0,1,50741.88,0,0.8228,0,286310.37,3998.4,0,0,"20JAN2011:12:00:41.338000",0.015063,0.015845
0,0.03945,0.21609,0.06293,0.1109,"6",0.0628,0,0,0,0,196,21,1810905.71,0,0,0,0,560506.56,207029.61,0.6602,0.6783,3e+06,0,0,0,"12AUG2011:14:38:40.436000",0,0
0,0.12606,0.15564,0.0512,0.08721,"7-",0.1872,16729.54,310000,0.04466,0.04667,205,11,130000,0,0,0,1,3100,0,0.9882,0,310000,310000,0,0,"28MAR2013:12:54:49.306000",0.008359,0.008737
0,0.00299,0.03341,0.0512,0.02678,"5",0.0276,0,0,0,0,174,31,2.3e+07,0,0,0,0,0,0,0,0,450000,0,0,0,"21JUN2010:15:11:39.716000",0,0
0,0.03516,0.01497,0,0.02527,"5",0.0276,0,0,0,0,238,31,2500000,0,0,0,0,0,0,0,0,5e+05,0,0,0,"07JUN2016:15:11:14.376000",0,0
0,0.00851,0.06755,0.03109,0.03623,"6+",0.0473,1133.42,28740,0.04468,0.05403,224,21,1860020.17,0,0,0,1,76874.38,0,0.6553,0,298935.02,28740,19190,0,"02MAR2012:11:05:31.898000",0.002113,0.002556
0,0.03999,0.04187,0.16535,0.14368,"6-",0.0834,60259.84,1336666.42,0.0229,0.02298,222,21,8700000,0,0,0,1,318431.71,318431.71,0.8246,0.8246,1815125.55,1336666.42,766500,0,"22NOV2012:13:49:11.500000",0.00191,0.001917
0,0.0628,0.12523,0,0.09339,"7-",0.1872,2553.6,28000,0.13754,0.15095,269,0,0,0,0,0,1,51601.18,51601.18,0.3378,0.3378,77919.94,28000,16800,0,"10FEB2016:14:15:56.907000",0.025747,0.028258
0,0.03945,0.21609,0.06293,0.03954,"6",0.0628,0,0,0,0,201,21,1810905.71,0,0,0,0,560506.56,207029.61,0.6602,0.6783,3e+06,0,0,0,"12AUG2011:14:38:40.436000",0,0
0,0.02674,0.05302,0.04114,0.04021,"6",0.0628,0,0,0,0,217,31,14211130.75,0,0,0,0,2136745.4,2136745.4,5e-04,5e-04,9310000,0,0,0,"22NOV2012:12:57:30.312000",0,0
0,0.05235,0.18966,0.10063,0.12287,"7+",0.1101,1312.88,39010,0.0338,0.04354,241,31,4600000,0,0,0,1,33651.32,7482.46,0.8302,0.8736,198207.14,39010,29257.5,0,"16APR2013:11:23:35.906000",0.003722,0.004794
0,0.05235,0.09471,0.02018,0.05966,"7+",0.1101,1312.88,39010,0.0338,0.04354,249,31,4600000,0,0,0,1,33651.32,7482.46,0.8302,0.8736,198207.14,39010,29257.5,0,"16APR2013:11:23:35.906000",0.003722,0.004794
0,0.04102,0.12523,0.034,0.07035,"7",0.1443,3818.92,434000,0.0911,0.07629,214,21,14300000,1,0,0,1,90932.78,0,0.9146,1.0055,1302832.08,434000,338520,0,"27MAR2014:12:01:15.857000",0.013146,0.011008
0,0.0628,0.09471,0,0.18201,"7-",0.1872,3493.39,123000,0.02494,0.03423,245,21,0,0,0,0,1,54980.27,0,0.8231,0,321334.5,123000,78228,0,"10SEP2012:12:14:27.790000",0.004669,0.006408
0,0.04189,0.01558,0,0.029,"5-",0.0359,2308.75,25000,0.18766,0.20294,214,21,0,0,0,0,1,72914,9250,0.9303,0.63,1046344.68,25000,17500,0,"08JUN2016:13:11:07.091000",0.006737,0.007286
0,0.09454,0.18707,0.15388,0.14421,"6+",0.0473,1133.42,28740,0.04468,0.05403,196,11,1860020.17,0,0,0,1,76874.38,0,0.6553,0,298935.02,28740,19190,0,"02MAR2012:11:05:31.898000",0.002113,0.002556
0,0.01154,0.09471,0,0.08801,"6-",0.0834,0,0,0,0,166,21,1800000,0,0,0,1,18156.98,0,0.907,0,195331.31,110000,88000,0,"19MAR2010:10:39:29.540000",0,0
0,0.02387,0.02066,0.02623,0.0233,"5+",0.0217,10397.97,325968,0.12128,0.14956,260,31,0,0,0,0,1,131353.5,131353.5,0.597,0.597,325968,325968,0,0,"01FEB2017:11:40:30.183000",0.002632,0.003245
0,0.12641,0.14574,0.07287,0.04923,"6-",0.0834,60259.84,1336666.42,0.0229,0.02298,263,11,8700000,0,0,0,1,318431.71,318431.71,0.8246,0.8246,1815125.55,1336666.42,766500,0,"22NOV2012:13:49:11.500000",0.00191,0.001917
0,0.08509,0.2673,0.05444,0.07489,"7",0.1443,9992.49,362927.9,0.06278,0.06371,206,11,-2,0,0,0,1,71669.79,71669.79,0.961,0.961,1887746.59,362927.9,240800,0,"21AUG2014:11:12:00.539000",0.009059,0.009194
0,0.07697,0.02325,0.0293,0.08429,"5",0.0276,0,90000,0.09447,0.10113,266,1,5.5e+07,0,0,0,1,117282.79,117282.81,0.8266,0.8266,676286.05,90000,9000,0,"30MAR2010:16:38:19.341000",0.002607,0.002791
0,0.03715,0.01101,0,0.02434,"5+",0.0217,1726.51,28250,0.25869,0.31701,187,21,0,0,0,0,1,132142.65,0,0.698,0,437487.21,28250,0,0,"04MAR2016:10:12:38.189000",0.005614,0.006879
0,0.10342,0.18776,0.13958,0.15098,"7-",0.1872,0,0,0,0,241,21,5200000,0,0,0,0,601077.52,265352.52,0.3367,0.7072,1200000,0,0,0,"22FEB2010:16:02:47.352000",0,0
0,0.09454,0.18707,0.15388,0.03623,"6+",0.0473,1133.42,28740,0.04468,0.05403,201,21,1860020.17,0,0,0,1,76874.38,0,0.6553,0,298935.02,28740,19190,0,"02MAR2012:11:05:31.898000",0.002113,0.002556
0,0.11503,0.13591,0,0.11961,"7-",0.1872,2553.6,28000,0.13754,0.15095,226,21,0,0,0,0,1,51601.18,51601.18,0.3378,0.3378,77919.94,28000,16800,0,"10FEB2016:14:15:56.907000",0.025747,0.028258
0,0.04569,0.05302,0.06815,0.04021,"6",0.0628,0,0,0,0,205,41,14211130.75,0,0,0,0,2136745.4,2136745.4,5e-04,5e-04,9310000,0,0,0,"22NOV2012:12:57:30.312000",0,0
0,0.06176,0.0322,0.05072,0.04795,"5+",0.0217,10397.97,325968,0.12128,0.14956,167,11,0,0,0,0,1,131353.5,131353.5,0.597,0.597,325968,325968,0,0,"01FEB2017:11:40:30.183000",0.002632,0.003245
0,0.04028,0.19693,0.10396,0.05035,"6-",0.0834,365.38,26400,0.02658,0.03949,201,21,1200000,0,0,0,1,192007.74,177469.05,0.7256,0.7279,699619.54,26400,22184.87,0,"28JUL2011:14:47:47.803000",0.002217,0.003294
0,0.0628,0.09471,0,0.18639,"7-",0.1872,10652.47,271000,0.04765,0.09385,273,21,0,0,0,0,1,54964.68,54964.68,0.8596,0.8596,391408.78,271000,243750,0,"15APR2015:16:39:51.353000",0.00892,0.01757
0,0.03516,0.01497,0,0.02527,"5",0.0276,0,0,0,0,193,21,2500000,0,0,0,0,0,0,0,0,5e+05,0,0,0,"07JUN2016:15:11:14.376000",0,0
0,0.05275,0.0704,0.04255,0.09328,"6",0.0628,42950.61,695000,0.01468,0.02762,266,1,13028000,0,0,0,1,3693729.05,312750,0.6915,0.55,11971725.82,695000,382250,0,"02MAY2013:09:04:07.451000",0.000922,0.001735
0,0.12606,0.09471,0.07244,0.08721,"7-",0.1872,16729.54,310000,0.04466,0.04667,169,41,130000,0,0,0,1,3100,0,0.9882,0,310000,310000,0,0,"28MAR2013:12:54:49.306000",0.008359,0.008737
0,0.02387,0.0322,0.05072,0.04795,"5+",0.0217,10397.97,325968,0.12128,0.14956,213,31,0,0,0,0,1,131353.5,131353.5,0.597,0.597,325968,325968,0,0,"01FEB2017:11:40:30.183000",0.002632,0.003245
0,0.03892,0.12523,0.14563,0.16825,"7",0.1443,9992.49,362927.9,0.06278,0.06371,201,21,-2,0,0,0,1,71669.79,71669.79,0.961,0.961,1887746.59,362927.9,240800,0,"21AUG2014:11:12:00.539000",0.009059,0.009194
0,0.09454,0.06755,0.03109,0.14421,"6+",0.0473,1133.42,28740,0.04468,0.05403,187,1,1860020.17,0,0,0,1,76874.38,0,0.6553,0,298935.02,28740,19190,0,"02MAR2012:11:05:31.898000",0.002113,0.002556
0,0.05275,0.14825,0.07271,0.04126,"6",0.0628,42950.61,695000,0.01468,0.02762,201,0,13028000,0,0,0,1,3693729.05,312750,0.6915,0.55,11971725.82,695000,382250,0,"02MAY2013:09:04:07.451000",0.000922,0.001735
0,0.09818,0.23678,0.03422,0.06273,"7+",0.1101,0,0,0,0,225,11,1e+07,0,0,0,0,87436.31,87436.31,0.6997,0.6997,406000,0,0,0,"23OCT2014:10:18:48.928000",0,0
0,0.09619,0.1015,0.12874,0.05494,"7+",0.1101,0,0,0,0,199,21,6e+07,0,0,0,0,0,0,0,0,5e+05,0,0,0,"05MAY2010:13:23:57.044000",0,0
0,0.01154,0.09471,0.04693,0.05152,"6-",0.0834,0,0,0,0,174,31,1800000,0,0,0,1,18156.98,0,0.907,0,195331.31,110000,88000,0,"19MAR2010:10:39:29.540000",0,0
0,0.02466,0.22185,0.11082,0.12003,"6",0.0628,619.77,80000,0.01437,0.00832,196,41,5500000,0,0,0,1,26216.57,0,0.8158,0,142361.83,80000,66375,0,"09OCT2012:10:05:58.395000",0.000903,0.000522
0,0.14977,0.09471,0,0.18201,"7-",0.1872,3493.39,123000,0.02494,0.03423,187,1,0,0,0,0,1,54980.27,0,0.8231,0,321334.5,123000,78228,0,"10SEP2012:12:14:27.790000",0.004669,0.006408
0,0.0628,0.22923,0,0.07844,"7-",0.1872,3493.39,123000,0.02494,0.03423,168,1,0,0,0,0,1,54980.27,0,0.8231,0,321334.5,123000,78228,0,"10SEP2012:12:14:27.790000",0.004669,0.006408
0,0.03516,0.04594,0,0.06557,"5",0.0276,0,0,0,0,220,0,2500000,0,0,0,0,0,0,0,0,5e+05,0,0,0,"07JUN2016:15:11:14.376000",0,0
0,0.09454,0.18707,0.03109,0.03623,"6+",0.0473,1133.42,28740,0.04468,0.05403,0,11,1860020.17,0,0,0,1,76874.38,0,0.6553,0,298935.02,28740,19190,0,"02MAR2012:11:05:31.898000",0.002113,0.002556
0,0.105,0.09471,0.0512,0.08721,"7-",0.1872,16729.54,310000,0.04466,0.04667,166,31,130000,0,0,0,1,3100,0,0.9882,0,310000,310000,0,0,"28MAR2013:12:54:49.306000",0.008359,0.008737
0,0.0628,0.28256,0,0.16701,"7-",0.1872,7264.62,205000,0.10715,0.15863,213,0,0,0,0,0,1,63407.62,0,0.8351,0,384609.63,205000,153750,0,"09MAR2015:16:05:39.012000",0.020059,0.029695
0,0.0628,0.12523,0,0.09339,"7-",0.1872,2553.6,28000,0.13754,0.15095,0,0,0,0,0,0,1,51601.18,51601.18,0.3378,0.3378,77919.94,28000,16800,0,"10FEB2016:14:15:56.907000",0.025747,0.028258
0,0.05273,0.09471,0,0.05152,"6-",0.0834,0,0,0,0,0,41,1800000,0,0,0,1,18156.98,0,0.907,0,195331.31,110000,88000,0,"19MAR2010:10:39:29.540000",0,0
0,0.01154,0.09471,0.04693,0.05152,"6-",0.0834,0,0,0,0,223,1,1800000,0,0,0,1,18156.98,0,0.907,0,195331.31,110000,88000,0,"19MAR2010:10:39:29.540000",0,0
0,0.12606,0.15564,0.07244,0.12307,"7-",0.1872,16729.54,310000,0.04466,0.04667,170,31,130000,0,0,0,1,3100,0,0.9882,0,310000,310000,0,0,"28MAR2013:12:54:49.306000",0.008359,0.008737
0,0.12606,0.15564,0.07244,0.08721,"7-",0.1872,16729.54,310000,0.04466,0.04667,201,31,130000,0,0,0,1,3100,0,0.9882,0,310000,310000,0,0,"28MAR2013:12:54:49.306000",0.008359,0.008737
0,0.04102,0.19104,0.09165,0.11941,"7",0.1443,3818.92,434000,0.0911,0.07629,213,21,14300000,1,0,0,1,90932.78,0,0.9146,1.0055,1302832.08,434000,338520,0,"27MAR2014:12:01:15.857000",0.013146,0.011008
0,0.0628,0.12523,0,0.11961,"7-",0.1872,2553.6,28000,0.13754,0.15095,300,21,0,0,0,0,1,51601.18,51601.18,0.3378,0.3378,77919.94,28000,16800,0,"10FEB2016:14:15:56.907000",0.025747,0.028258
0,0.02644,0.11804,0.08816,0.02678,"5",0.0276,0,0,0,0,201,21,2.3e+07,0,0,0,0,0,0,0,0,450000,0,0,0,"21JUN2010:15:11:39.716000",0,0
0,0.05384,0.03341,0.08713,0.05494,"7+",0.1101,0,0,0,0,229,31,6e+07,0,0,0,0,0,0,0,0,5e+05,0,0,0,"05MAY2010:13:23:57.044000",0,0
0,0.0673,0.12523,0.034,0.11941,"7",0.1443,3818.92,434000,0.0911,0.07629,266,1,14300000,1,0,0,1,90932.78,0,0.9146,1.0055,1302832.08,434000,338520,0,"27MAR2014:12:01:15.857000",0.013146,0.011008
0,0.01121,0.0704,0.04255,0.04126,"6",0.0628,42950.61,695000,0.01468,0.02762,166,21,13028000,0,0,0,1,3693729.05,312750,0.6915,0.55,11971725.82,695000,382250,0,"02MAY2013:09:04:07.451000",0.000922,0.001735
0,0.10342,0.09471,0.11696,0.10372,"7-",0.1872,0,0,0,0,238,21,5200000,0,0,0,0,601077.52,265352.52,0.3367,0.7072,1200000,0,0,0,"22FEB2010:16:02:47.352000",0,0
0,0.03892,0.2673,0.05444,0.16825,"7",0.1443,9992.49,362927.9,0.06278,0.06371,232,0,-2,0,0,0,1,71669.79,71669.79,0.961,0.961,1887746.59,362927.9,240800,0,"21AUG2014:11:12:00.539000",0.009059,0.009194
0,0.07672,0.09471,0,0.16701,"7-",0.1872,7264.62,205000,0.10715,0.15863,266,1,0,0,0,0,1,63407.62,0,0.8351,0,384609.63,205000,153750,0,"09MAR2015:16:05:39.012000",0.020059,0.029695
0,0.10342,0.18776,0.11696,0.15098,"7-",0.1872,0,0,0,0,284,0,5200000,0,0,0,0,601077.52,265352.52,0.3367,0.7072,1200000,0,0,0,"22FEB2010:16:02:47.352000",0,0
0,0.12641,0.04187,0.16535,0.04923,"6-",0.0834,60259.84,1336666.42,0.0229,0.02298,201,41,8700000,0,0,0,1,318431.71,318431.71,0.8246,0.8246,1815125.55,1336666.42,766500,0,"22NOV2012:13:49:11.500000",0.00191,0.001917
0,0.06176,0.02066,0.05072,0.0233,"5+",0.0217,10397.97,325968,0.12128,0.14956,187,41,0,0,0,0,1,131353.5,131353.5,0.597,0.597,325968,325968,0,0,"01FEB2017:11:40:30.183000",0.002632,0.003245
0,0.02441,0.07401,0.0536,0.05035,"6-",0.0834,365.38,26400,0.02658,0.03949,200,31,1200000,0,0,0,1,192007.74,177469.05,0.7256,0.7279,699619.54,26400,22184.87,0,"28JUL2011:14:47:47.803000",0.002217,0.003294
0,0.09454,0.06755,0.15388,0.03623,"6+",0.0473,1133.42,28740,0.04468,0.05403,219,41,1860020.17,0,0,0,1,76874.38,0,0.6553,0,298935.02,28740,19190,0,"02MAR2012:11:05:31.898000",0.002113,0.002556
0,0.12902,0.12657,0.20451,0.14774,"7",0.1443,1082.31,3998.4,0.10438,0.1098,196,21,1550000,0,0,0,1,50741.88,0,0.8228,0,286310.37,3998.4,0,0,"20JAN2011:12:00:41.338000",0.015063,0.015845
0,0.0628,0.2673,0,0.18639,"7-",0.1872,10652.47,271000,0.04765,0.09385,213,0,0,0,0,0,1,54964.68,54964.68,0.8596,0.8596,391408.78,271000,243750,0,"15APR2015:16:39:51.353000",0.00892,0.01757
0,0.12219,0.18776,0.13958,0.15098,"7-",0.1872,0,0,0,0,196,31,5200000,0,0,0,0,601077.52,265352.52,0.3367,0.7072,1200000,0,0,0,"22FEB2010:16:02:47.352000",0,0
0,0.05275,0.14825,0.04255,0.04126,"6",0.0628,42950.61,695000,0.01468,0.02762,187,11,13028000,0,0,0,1,3693729.05,312750,0.6915,0.55,11971725.82,695000,382250,0,"02MAY2013:09:04:07.451000",0.000922,0.001735
0,0.03999,0.04187,0.07287,0.04923,"6-",0.0834,60259.84,1336666.42,0.0229,0.02298,295,31,8700000,0,0,0,1,318431.71,318431.71,0.8246,0.8246,1815125.55,1336666.42,766500,0,"22NOV2012:13:49:11.500000",0.00191,0.001917
0,0.07672,0.28256,0,0.07844,"7-",0.1872,7264.62,205000,0.10715,0.15863,225,21,0,0,0,0,1,63407.62,0,0.8351,0,384609.63,205000,153750,0,"09MAR2015:16:05:39.012000",0.020059,0.029695
0,0.04388,0.03616,0.02702,0.03664,"6+",0.0473,7700.6,179000,0.15471,0.21244,253,21,3e+06,0,0,0,1,102409.11,0,0.7831,0,472250.26,179000,134250,0,"22JUL2016:12:52:53.065000",0.007318,0.010049
0,0.03945,0.21609,0.02867,0.03954,"6",0.0628,0,0,0,0,206,11,1810905.71,0,0,0,0,560506.56,207029.61,0.6602,0.6783,3e+06,0,0,0,"12AUG2011:14:38:40.436000",0,0
0,0.09619,0.03341,0.12874,0.05494,"7+",0.1101,0,0,0,0,229,41,6e+07,0,0,0,0,0,0,0,0,5e+05,0,0,0,"05MAY2010:13:23:57.044000",0,0
0,0.01121,0.0704,0.04255,0.04126,"6",0.0628,42950.61,695000,0.01468,0.02762,199,21,13028000,0,0,0,1,3693729.05,312750,0.6915,0.55,11971725.82,695000,382250,0,"02MAY2013:09:04:07.451000",0.000922,0.001735
0,0.04085,0.26942,0.16408,0.16975,"7",0.1443,15842.44,3e+05,0.0442,0.04955,241,31,-1,0,0,0,1,33000,0,0.89,0,3e+05,3e+05,210000,0,"06JUL2012:11:18:46.670000",0.006378,0.00715
0,0.02441,0.19693,0.10396,0.1148,"6-",0.0834,365.38,26400,0.02658,0.03949,241,21,1200000,0,0,0,1,192007.74,177469.05,0.7256,0.7279,699619.54,26400,22184.87,0,"28JUL2011:14:47:47.803000",0.002217,0.003294
0,0.04189,0.01558,0,0.07123,"5-",0.0359,2308.75,25000,0.18766,0.20294,207,21,0,0,0,0,1,72914,9250,0.9303,0.63,1046344.68,25000,17500,0,"08JUN2016:13:11:07.091000",0.006737,0.007286
0,0.11162,0.08402,0.04434,0.08392,"6+",0.0473,7700.6,179000,0.15471,0.21244,167,31,3e+06,0,0,0,1,102409.11,0,0.7831,0,472250.26,179000,134250,0,"22JUL2016:12:52:53.065000",0.007318,0.010049
0,0.07406,0.09858,0.16408,0.07424,"7",0.1443,15842.44,3e+05,0.0442,0.04955,173,41,-1,0,0,0,1,33000,0,0.89,0,3e+05,3e+05,210000,0,"06JUL2012:11:18:46.670000",0.006378,0.00715
0,0.02726,0.02325,0.0293,0.02631,"5",0.0276,0,90000,0.09447,0.10113,206,21,5.5e+07,0,0,0,1,117282.79,117282.81,0.8266,0.8266,676286.05,90000,9000,0,"30MAR2010:16:38:19.341000",0.002607,0.002791
0,0.08509,0.12523,0.05444,0.16825,"7",0.1443,9992.49,362927.9,0.06278,0.06371,266,1,-2,0,0,0,1,71669.79,71669.79,0.961,0.961,1887746.59,362927.9,240800,0,"21AUG2014:11:12:00.539000",0.009059,0.009194
0,0.09818,0.09471,0.03422,0.14699,"7+",0.1101,0,0,0,0,266,1,1e+07,0,0,0,0,87436.31,87436.31,0.6997,0.6997,406000,0,0,0,"23OCT2014:10:18:48.928000",0,0
0,0.02644,0.11804,0.08816,0.07638,"5",0.0276,0,0,0,0,196,21,2.3e+07,0,0,0,0,0,0,0,0,450000,0,0,0,"21JUN2010:15:11:39.716000",0,0
0,0.04102,0.12523,0.09165,0.11941,"7",0.1443,3818.92,434000,0.0911,0.07629,207,21,14300000,1,0,0,1,90932.78,0,0.9146,1.0055,1302832.08,434000,338520,0,"27MAR2014:12:01:15.857000",0.013146,0.011008
0,0.00851,0.06755,0.15388,0.14421,"6+",0.0473,1133.42,28740,0.04468,0.05403,276,21,1860020.17,0,0,0,1,76874.38,0,0.6553,0,298935.02,28740,19190,0,"02MAR2012:11:05:31.898000",0.002113,0.002556
0,0.07406,0.09858,0.08713,0.16975,"7",0.1443,15842.44,3e+05,0.0442,0.04955,187,1,-1,0,0,0,1,33000,0,0.89,0,3e+05,3e+05,210000,0,"06JUL2012:11:18:46.670000",0.006378,0.00715
0,0.105,0.15564,0.0512,0.12307,"7-",0.1872,16729.54,310000,0.04466,0.04667,251,0,130000,0,0,0,1,3100,0,0.9882,0,310000,310000,0,0,"28MAR2013:12:54:49.306000",0.008359,0.008737
0,0.0628,0.12523,0,0.09339,"7-",0.1872,2553.6,28000,0.13754,0.15095,272,31,0,0,0,0,1,51601.18,51601.18,0.3378,0.3378,77919.94,28000,16800,0,"10FEB2016:14:15:56.907000",0.025747,0.028258
0,0.01468,0.22185,0.11082,0.04578,"6",0.0628,619.77,80000,0.01437,0.00832,168,1,5500000,0,0,0,1,26216.57,0,0.8158,0,142361.83,80000,66375,0,"09OCT2012:10:05:58.395000",0.000903,0.000522
0,0.04424,0.12657,0.11696,0.14774,"7",0.1443,1082.31,3998.4,0.10438,0.1098,284,0,1550000,0,0,0,1,50741.88,0,0.8228,0,286310.37,3998.4,0,0,"20JAN2011:12:00:41.338000",0.015063,0.015845
0,0.04569,0.16808,0.04114,0.04021,"6",0.0628,0,0,0,0,300,11,14211130.75,0,0,0,0,2136745.4,2136745.4,5e-04,5e-04,9310000,0,0,0,"22NOV2012:12:57:30.312000",0,0
0,0.11503,0.13591,0,0.09339,"7-",0.1872,2553.6,28000,0.13754,0.15095,186,11,0,0,0,0,1,51601.18,51601.18,0.3378,0.3378,77919.94,28000,16800,0,"10FEB2016:14:15:56.907000",0.025747,0.028258
0,0.00688,0.21609,0.02867,0.1109,"6",0.0628,0,0,0,0,206,0,1810905.71,0,0,0,0,560506.56,207029.61,0.6602,0.6783,3e+06,0,0,0,"12AUG2011:14:38:40.436000",0,0
0,0.04028,0.19693,0.10396,0.1148,"6-",0.0834,365.38,26400,0.02658,0.03949,196,21,1200000,0,0,0,1,192007.74,177469.05,0.7256,0.7279,699619.54,26400,22184.87,0,"28JUL2011:14:47:47.803000",0.002217,0.003294
0,0.0628,0.09471,0,0.07844,"7-",0.1872,3493.39,123000,0.02494,0.03423,0,0,0,0,0,0,1,54980.27,0,0.8231,0,321334.5,123000,78228,0,"10SEP2012:12:14:27.790000",0.004669,0.006408
0,0.04085,0.09858,0.08713,0.07424,"7",0.1443,15842.44,3e+05,0.0442,0.04955,248,31,-1,0,0,0,1,33000,0,0.89,0,3e+05,3e+05,210000,0,"06JUL2012:11:18:46.670000",0.006378,0.00715
0,0.04388,0.08402,0.04434,0.08392,"6+",0.0473,7700.6,179000,0.15471,0.21244,213,21,3e+06,0,0,0,1,102409.11,0,0.7831,0,472250.26,179000,134250,0,"22JUL2016:12:52:53.065000",0.007318,0.010049
0,0.0673,0.19104,0.09165,0.07035,"7",0.1443,3818.92,434000,0.0911,0.07629,225,21,14300000,1,0,0,1,90932.78,0,0.9146,1.0055,1302832.08,434000,338520,0,"27MAR2014:12:01:15.857000",0.013146,0.011008
0,0.02726,0.06605,0.12066,0.02631,"5",0.0276,0,90000,0.09447,0.10113,211,21,5.5e+07,0,0,0,1,117282.79,117282.81,0.8266,0.8266,676286.05,90000,9000,0,"30MAR2010:16:38:19.341000",0.002607,0.002791
